timestamp,lat,lon,temperature,atpressure,cloudiness,rain,windspeed,Relationship,job,social,Refresh,dow,date,day slot,Province,District, Previous 1 days, Previous 3 days, Previous 6 days, Previous 10 days,TARGET (Happiness)
5/12/21 0:36,38.9240056,1.4557035,17.42,1020,0,,7,5,N/A,2,4,4,5/12/2021,Morning,07,819,  4.40 ,  4.40 ,  4.40 ,  4.40 ,5
5/12/21 11:42,38.9166013,1.4209726,20.35,1017,0,,7.2,3,N/A,3,3,4,5/12/2021,Morning,07,800,  4.40 ,  4.40 ,  4.40 ,  4.40 ,4
5/12/21 14:47,38.9226127,1.4611746,21.33,1016,0,,6.17,4,N/A,2,4,4,5/12/2021,Afternoon,07,819,  4.40 ,  4.40 ,  4.40 ,  4.40 ,4
5/12/21 17:48,38.9226094,1.461175,19.8,1014,20,,5.36,4,N/A,3,3,4,5/12/2021,Night,07,819,  4.40 ,  4.40 ,  4.40 ,  4.40 ,5
5/12/21 20:54,38.9226061,1.4611757,18.06,1014,20,,4.47,5,N/A,3,3,4,5/12/2021,Night,07,819,  4.40 ,  4.40 ,  4.40 ,  4.40 ,4
5/13/21 6:46,38.9226071,1.4611764,16.97,1015,0,,3.58,4,N/A,3,3,5,5/13/2021,Morning,07,819,  4.40 ,  4.40 ,  4.40 ,  4.40 ,3
5/13/21 8:43,38.9226072,1.4611738,16.97,1016,0,,5.36,3,N/A,3,3,5,5/13/2021,Morning,07,819,  4.40 ,  4.40 ,  4.40 ,  4.40 ,3
5/13/21 10:59,38.9226072,1.4611738,19.87,1016,100,,2.68,3,N/A,3,3,5,5/13/2021,Morning,07,819,  4.40 ,  4.40 ,  4.40 ,  4.40 ,3
5/13/21 13:25,38.9226072,1.4611738,19.66,1015,20,,2.68,3,N/A,3,3,5,5/13/2021,Afternoon,07,819,  4.40 ,  4.40 ,  4.40 ,  4.40 ,4
5/13/21 14:49,38.9226048,1.461174,21.46,1015,20,,4.12,2,N/A,3,3,5,5/13/2021,Afternoon,07,819,  4.40 ,  4.40 ,  4.40 ,  4.40 ,2
5/13/21 20:02,40.5202362,-3.599147,18.91,1013,40,,6.39,3,N/A,2,4,5,5/13/2021,Night,28,109,  4.40 ,  4.40 ,  4.40 ,  4.40 ,4
5/13/21 22:23,40.4235652,-3.7002565,15.05,1014,20,,7.2,3,N/A,2,4,5,5/13/2021,Night,28,004,  4.40 ,  4.40 ,  4.40 ,  4.40 ,4
5/14/21 1:43,40.4789559,-3.8587593,13.68,1016,0,,4.63,4,N/A,2,4,6,5/14/2021,Morning,28,221,  3.29 ,  3.75 ,  3.75 ,  3.75 ,4
5/14/21 8:15,40.4789526,-3.8587725,12.03,1017,20,,6.69,4,N/A,3,3,6,5/14/2021,Morning,28,221,  3.29 ,  3.75 ,  3.75 ,  3.75 ,4
5/14/21 10:27,40.478937,-3.8588612,14.65,1018,20,,6.17,5,N/A,3,3,6,5/14/2021,Morning,28,221,  3.29 ,  3.75 ,  3.75 ,  3.75 ,4
5/14/21 12:38,40.47896,-3.8587429,16.67,1015,68,,1.79,5,N/A,3,3,6,5/14/2021,Afternoon,28,221,  3.29 ,  3.75 ,  3.75 ,  3.75 ,4
5/16/21 10:11,40.4207005,-3.6922774,17.59,1016,0,,4.63,2,N/A,2,4,1,5/16/2021,Morning,28,001,#DIV/0!,  3.55 ,  3.55 ,  3.55 ,2
5/16/21 13:23,40.4179634,-3.6783286,23.71,1016,0,,4.12,1,N/A,2,4,1,5/16/2021,Afternoon,28,009,#DIV/0!,  3.55 ,  3.55 ,  3.55 ,2
5/17/21 8:39,40.4806836,-3.8609173,14.13,1018,0,,2.57,1,N/A,3,3,2,5/17/2021,Morning,28,231,  2.00 ,  3.33 ,  3.33 ,  3.33 ,2
5/17/21 11:23,40.4794022,-3.8612355,17.74,1020,0,,0.51,2,2,3,3,2,5/17/2021,Morning,28,221,  2.00 ,  3.33 ,  3.33 ,  3.33 ,3
5/17/21 15:09,40.4791164,-3.8602811,23.33,1019,0,,2.06,3,2,3,3,2,5/17/2021,Afternoon,28,221,  2.00 ,  3.33 ,  3.33 ,  3.33 ,3
5/17/21 18:37,40.4791164,-3.8602811,25.36,1018,0,,4.12,3,N/A,3,3,2,5/17/2021,Night,28,221,  2.00 ,  3.33 ,  3.33 ,  3.33 ,3
5/17/21 22:05,40.4728365,-3.8580544,20.99,1018,0,,2.57,3,N/A,3,3,2,5/17/2021,Night,28,221,  2.00 ,  3.33 ,  3.33 ,  3.33 ,3
5/18/21 0:26,40.4762995,-3.8590087,18.57,1019,0,,2.06,2,N/A,3,3,3,5/18/2021,Morning,28,221,  2.80 ,  2.57 ,  2.57 ,  2.57 ,3
5/18/21 10:30,40.478931,-3.858853,18.38,1020,0,,1.03,3,3,3,3,3,5/18/2021,Morning,28,221,  2.80 ,  2.57 ,  2.57 ,  2.57 ,3
5/18/21 13:47,40.478931,-3.8588649,24.13,1015,0,,3.98,3,3,3,3,3,5/18/2021,Afternoon,28,221,  2.80 ,  2.57 ,  2.57 ,  2.57 ,3
5/18/21 16:11,40.4789297,-3.8588564,25.21,1014,0,,3.18,3,3,3,3,3,5/18/2021,Night,28,221,  2.80 ,  2.57 ,  2.57 ,  2.57 ,3
5/18/21 16:17,40.4789297,-3.8588564,25.35,1014,0,,3.18,3,3,3,3,3,5/18/2021,Night,28,221,  2.80 ,  2.57 ,  2.57 ,  2.57 ,3
5/18/21 18:20,40.4920144,-3.6965648,25.74,999,20,,1.34,2,N/A,2,4,3,5/18/2021,Night,28,034,  2.80 ,  2.57 ,  2.57 ,  2.57 ,2
5/18/21 20:40,40.4920797,-3.6966243,23.72,1020,20,,1.79,3,N/A,3,3,3,5/18/2021,Night,28,034,  2.80 ,  2.57 ,  2.57 ,  2.57 ,3
5/19/21 0:41,40.4920418,-3.6965984,18.35,1022,20,,0.45,2,N/A,3,3,4,5/19/2021,Morning,28,034,  2.86 ,  2.71 ,  2.71 ,  2.71 ,3
5/19/21 10:05,40.4919964,-3.6966292,15.36,1024,0,,0.45,2,3,3,3,4,5/19/2021,Morning,28,034,  2.86 ,  2.71 ,  2.71 ,  2.71 ,2
5/19/21 12:15,40.4920634,-3.6966115,18.3,1024,0,,3.58,1,2,3,3,4,5/19/2021,Afternoon,28,034,  2.86 ,  2.71 ,  2.71 ,  2.71 ,2
5/19/21 15:05,40.4920734,-3.6966187,21.88,1022,0,,1.79,1,2,3,3,4,5/19/2021,Afternoon,28,034,  2.86 ,  2.71 ,  2.71 ,  2.71 ,2
5/19/21 17:17,40.4920507,-3.696608,23.67,1023,0,,1.34,1,2,3,3,4,5/19/2021,Night,28,034,  2.86 ,  2.71 ,  2.71 ,  2.71 ,2
5/19/21 19:35,40.4895637,-3.6957652,24.45,997,0,,0.45,1,2,3,3,4,5/19/2021,Night,28,034,  2.86 ,  2.71 ,  2.71 ,  2.71 ,3
5/19/21 21:52,40.4416149,-3.654868,20.65,1022,0,,3.58,2,N/A,3,3,4,5/19/2021,Night,28,027,  2.86 ,  2.71 ,  2.71 ,  2.71 ,4
5/20/21 7:28,40.4920086,-3.6965659,11.58,1006,0,,2.68,1,N/A,2,4,5,5/20/2021,Morning,28,034,  2.57 ,  2.74 ,  2.74 ,  2.74 ,2
5/20/21 9:37,40.4920702,-3.6965992,15.52,1025,0,,1.79,1,2,2,4,5,5/20/2021,Morning,28,034,  2.57 ,  2.74 ,  2.74 ,  2.74 ,3
5/20/21 12:01,40.4920227,-3.6965712,19.75,1024,0,,0.89,1,3,3,3,5,5/20/2021,Afternoon,28,034,  2.57 ,  2.74 ,  2.74 ,  2.74 ,4
5/20/21 14:09,40.4920873,-3.6966401,22.86,1024,0,,0.45,2,N/A,3,3,5,5/20/2021,Afternoon,28,034,  2.57 ,  2.74 ,  2.74 ,  2.74 ,4
5/20/21 16:33,40.4921018,-3.6966524,25.98,1020,0,,0.89,2,3,3,3,5,5/20/2021,Night,28,034,  2.57 ,  2.74 ,  2.74 ,  2.74 ,3
5/20/21 18:42,40.4598118,-3.7059445,27.32,1020,0,,0.89,2,N/A,4,2,5,5/20/2021,Night,28,039,  2.57 ,  2.74 ,  2.74 ,  2.74 ,4
5/20/21 21:31,40.411638,-3.7105677,26.01,1019,0,,1.34,2,N/A,4,2,5,5/20/2021,Night,28,005,  2.57 ,  2.74 ,  2.74 ,  2.74 ,4
5/21/21 0:16,40.4123773,-3.7092406,21.45,1020,0,,1.34,2,N/A,4,2,6,5/21/2021,Morning,28,005,  3.43 ,  2.95 ,  2.95 ,  2.95 ,4
5/21/21 4:34,40.4920372,-3.6965794,21.45,1020,0,,1.34,2,N/A,4,2,6,5/21/2021,Morning,28,034,  3.43 ,  2.95 ,  2.95 ,  2.95 ,3
5/21/21 10:13,40.4920655,-3.6966079,19.2,1017,0,,0.89,1,3,3,3,6,5/21/2021,Morning,28,034,  3.43 ,  2.95 ,  2.95 ,  2.95 ,2
5/21/21 13:31,40.4920576,-3.6966093,25.56,1015,0,,3.58,1,2,3,3,6,5/21/2021,Afternoon,28,034,  3.43 ,  2.95 ,  2.95 ,  2.95 ,1
5/21/21 16:37,40.4920267,-3.696571,27.3,1013,0,,1.34,2,N/A,3,3,6,5/21/2021,Night,28,034,  3.43 ,  2.95 ,  2.95 ,  2.95 ,2
5/21/21 18:40,40.4789801,-3.8587768,26.19,1009,0,,1.34,2,N/A,3,3,6,5/21/2021,Night,28,221,  3.43 ,  2.95 ,  2.95 ,  2.95 ,3
5/21/21 20:47,40.425739,-3.7038736,24.45,1000,0,,4.02,3,N/A,3,3,6,5/21/2021,Night,28,004,  3.43 ,  2.95 ,  2.95 ,  2.95 ,3
5/21/21 23:12,40.4228756,-3.7033074,20.8,1015,0,,3.58,2,N/A,3,3,6,5/21/2021,Night,28,004,  3.43 ,  2.95 ,  2.95 ,  2.95 ,3
5/22/21 1:22,40.4268666,-3.7033254,18.47,1015,0,,2.68,2,N/A,3,3,7,5/22/2021,Morning,28,004,  2.63 ,  2.86 ,  2.86 ,  2.86 ,3
5/22/21 6:57,40.426881,-3.7033346,18.47,1015,0,,2.68,2,N/A,3,3,7,5/22/2021,Morning,28,004,  2.63 ,  2.86 ,  2.86 ,  2.86 ,2
5/22/21 13:25,40.4269218,-3.7032895,19.53,1016,0,,5.81,3,N/A,3,3,7,5/22/2021,Afternoon,28,004,  2.63 ,  2.86 ,  2.86 ,  2.86 ,3
5/22/21 19:45,40.4269015,-3.7033019,18.48,1001,0,,4.92,3,N/A,3,3,7,5/22/2021,Night,28,004,  2.63 ,  2.86 ,  2.86 ,  2.86 ,4
5/22/21 22:06,40.4257293,-3.7037257,16.62,1016,0,,2.68,2,N/A,4,2,7,5/22/2021,Night,28,004,  2.63 ,  2.86 ,  2.86 ,  2.86 ,3
5/23/21 18:37,40.4789286,-3.8588597,16.33,1014,40,,0.89,3,N/A,3,3,1,5/23/2021,Night,28,004,  3.00 ,  3.00 ,  3.00 ,  3.00 ,3
5/24/21 3:36,40.4789292,-3.8588672,10.46,1017,0,,3.61,4,N/A,3,3,2,5/24/2021,Morning,28,221,  3.00 ,  2.79 ,  2.79 ,  2.79 ,4
5/24/21 11:14,40.4920369,-3.6965941,15.75,1022,0,,0.89,4,3,3,3,2,5/24/2021,Morning,28,034,  3.00 ,  2.79 ,  2.79 ,  2.79 ,4
5/24/21 14:29,40.4920717,-3.6966003,18.4,1022,75,,2.68,3,4,3,3,2,5/24/2021,Afternoon,28,034,  3.00 ,  2.79 ,  2.79 ,  2.79 ,4
5/24/21 16:35,40.4920436,-3.6965952,19.82,1022,75,,2.68,3,3,3,3,2,5/24/2021,Night,28,034,  3.00 ,  2.79 ,  2.79 ,  2.79 ,4
5/24/21 18:48,40.492086,-3.6966275,20.31,1020,75,,0.89,3,3,3,3,2,5/24/2021,Night,28,034,  3.00 ,  2.79 ,  2.79 ,  2.79 ,3
5/24/21 20:57,40.5078641,-3.696492,19.95,1021,40,,0.45,3,N/A,2,4,2,5/24/2021,Night,28,034,  3.00 ,  2.79 ,  2.79 ,  2.79 ,3
5/25/21 9:29,40.4920189,-3.6966014,12.43,1007,75,,2.68,3,3,3,3,3,5/25/2021,Morning,28,034,  3.67 ,  3.33 ,  3.33 ,  3.33 ,4
5/25/21 11:36,40.4919903,-3.6965419,17.36,1001,20,,1.79,3,3,3,3,3,5/25/2021,Morning,28,034,  3.67 ,  3.33 ,  3.33 ,  3.33 ,4
5/25/21 18:36,40.4919827,-3.6965298,24.7,1019,20,,0.45,3,3,3,3,3,5/25/2021,Night,28,034,  3.67 ,  3.33 ,  3.33 ,  3.33 ,4
5/26/21 11:03,40.4920498,-3.6966036,17.39,1022,20,,2.24,2,3,3,3,4,5/26/2021,Morning,28,034,  4.00 ,  3.70 ,  3.70 ,  3.70 ,3
5/26/21 13:25,40.4919801,-3.6965357,21.03,1019,20,,1.34,2,3,3,3,4,5/26/2021,Afternoon,28,034,  4.00 ,  3.70 ,  3.70 ,  3.70 ,3
5/26/21 16:15,40.4920803,-3.6966268,24.99,1016,20,,2.68,4,3,3,3,4,5/26/2021,Night,28,034,  4.00 ,  3.70 ,  3.70 ,  3.70 ,4
5/26/21 18:11,40.4920458,-3.6965923,25.78,993,40,,3.58,4,3,3,3,4,5/26/2021,Night,28,034,  4.00 ,  3.70 ,  3.70 ,  3.70 ,4
5/26/21 20:07,40.4415741,-3.6548259,25.58,1016,40,,1.34,4,N/A,3,3,4,5/26/2021,Night,28,027,  4.00 ,  3.70 ,  3.70 ,  3.70 ,4
5/26/21 22:22,40.4712416,-3.8507796,22.61,1012,0,,1.36,3,N/A,3,3,4,5/26/2021,Night,Ma,dri,  4.00 ,  3.70 ,  3.70 ,  3.70 ,3
5/27/21 0:37,40.4789355,-3.8588368,19.04,1014,0,,2.44,5,N/A,3,3,5,5/27/2021,Morning,28,221,  3.50 ,  3.67 ,  3.67 ,  3.67 ,5
5/27/21 5:39,40.4789307,-3.8588672,14.54,1013,0,,2.36,4,N/A,3,3,5,5/27/2021,Morning,28,221,  3.50 ,  3.67 ,  3.67 ,  3.67 ,4
5/27/21 16:21,38.9226725,1.461135,20.51,1016,20,,4.02,4,3,3,3,5,5/27/2021,Night,07,819,  3.50 ,  3.67 ,  3.67 ,  3.67 ,4
5/27/21 18:06,38.9226025,1.4611734,20.51,1015,0,,2.68,4,3,3,3,5,5/27/2021,Night,07,819,  3.50 ,  3.67 ,  3.67 ,  3.67 ,4
5/27/21 20:08,38.9075023,1.4244328,19.98,1015,0,,3.13,4,N/A,3,3,5,5/27/2021,Night,07,800,  3.50 ,  3.67 ,  3.67 ,  3.67 ,4
5/27/21 22:44,38.9226125,1.4611747,18.56,1017,20,,1.34,4,N/A,3,3,5,5/27/2021,Night,07,819,  3.50 ,  3.67 ,  3.67 ,  3.67 ,3
5/28/21 9:36,38.9226074,1.4611755,19.2,1016,20,,2.24,4,N/A,4,2,6,5/28/2021,Morning,07,819,  4.00 ,  3.80 ,  3.80 ,  3.80 ,4
5/28/21 12:06,38.9226049,1.4611755,20.51,1017,20,,4.02,4,3,4,2,6,5/28/2021,Afternoon,07,819,  4.00 ,  3.80 ,  3.80 ,  3.80 ,4
5/28/21 13:55,38.9227029,1.4611229,20.43,1016,40,,4.02,4,3,3,3,6,5/28/2021,Afternoon,07,819,  4.00 ,  3.80 ,  3.80 ,  3.80 ,3
5/28/21 17:40,38.9226064,1.4611752,20.72,1016,20,,3.13,4,N/A,3,3,6,5/28/2021,Night,07,819,  4.00 ,  3.80 ,  3.80 ,  3.80 ,4
5/28/21 20:16,38.8977559,1.3010457,19.41,1016,20,,2.57,3,N/A,4,2,6,5/28/2021,Night,07,830,  4.00 ,  3.80 ,  3.80 ,  3.80 ,4
5/28/21 22:45,38.9106655,1.4255145,18.69,1018,0,,0.89,3,N/A,3,3,6,5/28/2021,Night,07,800,  4.00 ,  3.80 ,  3.80 ,  3.80 ,4
5/29/21 17:06,38.9226073,1.4611702,22.46,1018,0,,2.24,2,N/A,3,3,7,5/29/2021,Night,07,819,  3.83 ,  3.78 ,  3.78 ,  3.78 ,3
5/29/21 20:01,38.9858459,1.5351133,21.58,1018,0,,2.76,4,N/A,3,3,7,5/29/2021,Night,07,840,  3.83 ,  3.78 ,  3.78 ,  3.78 ,4
5/29/21 21:55,38.9855684,1.5346693,20.93,1019,0,,2.38,4,N/A,3,3,7,5/29/2021,Night,07,840,  3.83 ,  3.78 ,  3.78 ,  3.78 ,4
5/30/21 11:58,38.9226279,1.4611604,22.9,1018,0,,1.79,4,N/A,3,3,1,5/30/2021,Morning,07,819,  3.67 ,  3.87 ,  3.87 ,  3.87 ,4
5/30/21 13:51,38.922635,1.4612065,22.88,1018,0,,2.68,4,N/A,3,3,1,5/30/2021,Afternoon,07,819,  3.67 ,  3.87 ,  3.87 ,  3.87 ,4
5/30/21 15:33,39.0998913,1.5025921,22.79,1017,100,,4.39,5,N/A,4,2,1,5/30/2021,Afternoon,07,810,  3.67 ,  3.87 ,  3.87 ,  3.87 ,4
5/30/21 17:46,39.0998837,1.5025996,22.79,1017,100,,4.39,5,N/A,4,2,1,5/30/2021,Night,07,810,  3.67 ,  3.87 ,  3.87 ,  3.87 ,5
5/30/21 21:53,38.9593967,1.217901,21.27,1016,0,,2.68,5,N/A,4,2,1,5/30/2021,Night,07,829,  3.67 ,  3.87 ,  3.87 ,  3.87 ,5
5/30/21 23:33,38.922608,1.4611735,19.64,1018,0,,0.89,3,N/A,4,2,1,5/30/2021,Night,07,819,  3.67 ,  3.87 ,  3.87 ,  3.87 ,4
5/31/21 9:27,38.9227101,1.4610859,21.38,1016,0,,0.89,4,N/A,3,3,2,5/31/2021,Morning,07,819,  4.33 ,  4.00 ,  4.00 ,  4.00 ,4
5/31/21 11:16,38.9226067,1.4611786,23.12,1016,0,,1.34,4,3,3,3,2,5/31/2021,Morning,07,819,  4.33 ,  4.00 ,  4.00 ,  4.00 ,4
5/31/21 13:12,38.9226067,1.4611786,22.68,1016,0,,1.34,4,3,3,3,2,5/31/2021,Afternoon,07,819,  4.33 ,  4.00 ,  4.00 ,  4.00 ,4
5/31/21 16:06,38.9226065,1.4611701,23.12,1015,0,,3.13,4,N/A,3,3,2,5/31/2021,Night,07,819,  4.33 ,  4.00 ,  4.00 ,  4.00 ,4
5/31/21 18:45,38.9226314,1.4611705,21.6,1014,0,,2.68,4,N/A,3,3,2,5/31/2021,Night,07,819,  4.33 ,  4.00 ,  4.00 ,  4.00 ,4
5/31/21 20:31,38.9106953,1.4332742,21.12,1014,20,,1.79,4,N/A,3,3,2,5/31/2021,Night,07,800,  4.33 ,  4.00 ,  4.00 ,  4.00 ,4
6/1/21 0:08,38.9226194,1.4611673,20.51,1014,20,,3.09,4,N/A,3,3,3,6/1/2021,Morning,07,819,  4.00 ,  4.07 ,  4.07 ,  4.07 ,4
6/1/21 9:45,38.9226056,1.4611738,20.94,1011,0,,3.58,3,3,3,3,3,6/1/2021,Morning,07,819,  4.00 ,  4.07 ,  4.07 ,  4.07 ,3
6/1/21 12:12,38.9226112,1.4611767,21.6,1011,0,,3.58,3,3,3,3,3,6/1/2021,Afternoon,07,819,  4.00 ,  4.07 ,  4.07 ,  4.07 ,3
6/1/21 16:20,38.9226071,1.4611737,23.77,1009,20,,2.68,3,2,3,3,3,6/1/2021,Night,07,819,  4.00 ,  4.07 ,  4.07 ,  4.07 ,3
6/1/21 18:55,38.9226091,1.4611741,22.03,1009,20,,4.02,3,N/A,3,3,3,6/1/2021,Night,07,819,  4.00 ,  4.07 ,  4.07 ,  4.07 ,3
6/2/21 9:05,38.9226275,1.4611608,21.38,1014,40,,0.89,2,N/A,3,3,4,6/2/2021,Morning,07,819,  3.20 ,  3.88 ,  3.88 ,  3.88 ,2
6/2/21 10:58,38.922606,1.4611734,22.03,1014,40,,2.68,1,2,3,3,4,6/2/2021,Morning,07,819,  3.20 ,  3.88 ,  3.88 ,  3.88 ,2
6/2/21 14:46,38.9226174,1.4611706,22.03,1014,75,,3.13,1,2,3,3,4,6/2/2021,Afternoon,07,819,  3.20 ,  3.88 ,  3.88 ,  3.88 ,3
6/2/21 18:00,38.9226088,1.4611737,22.47,1014,90,,2.24,1,3,3,3,4,6/2/2021,Night,07,819,  3.20 ,  3.88 ,  3.88 ,  3.88 ,2
6/3/21 1:36,38.9709342,1.2839805,20.75,1017,90,,3.13,3,N/A,3,3,5,6/3/2021,Morning,07,830,  2.25 ,  3.27 ,  3.27 ,  3.27 ,3
6/3/21 9:16,38.9709085,1.2840098,22.14,1018,75,,1.79,3,N/A,3,3,5,6/3/2021,Morning,07,830,  2.25 ,  3.27 ,  3.27 ,  3.27 ,4
6/3/21 10:57,38.9709194,1.2840179,23.52,1019,75,,4.02,3,3,3,3,5,6/3/2021,Morning,07,830,  2.25 ,  3.27 ,  3.27 ,  3.27 ,3
6/3/21 13:11,38.9709393,1.283969,25.19,1019,40,,3.58,4,4,3,3,5,6/3/2021,Afternoon,07,830,  2.25 ,  3.27 ,  3.27 ,  3.27 ,4
6/3/21 15:00,38.9710093,1.2839387,25.19,1019,40,,4.02,4,3,3,3,5,6/3/2021,Afternoon,07,830,  2.25 ,  3.27 ,  3.27 ,  3.27 ,4
6/3/21 18:36,38.9709937,1.283869,24.08,1017,40,,3.58,4,N/A,3,3,5,6/3/2021,Night,07,830,  2.25 ,  3.27 ,  3.27 ,  3.27 ,4
6/3/21 20:25,38.968322,1.3021217,22.96,1017,40,,3.13,4,3,4,2,5,6/3/2021,Night,07,829,  2.25 ,  3.27 ,  3.27 ,  3.27 ,4
6/4/21 10:13,38.9226048,1.4611713,22.03,1020,75,,0.89,3,3,3,3,6,6/4/2021,Morning,07,819,  3.71 ,  3.19 ,  3.19 ,  3.19 ,3
6/4/21 12:46,38.9227188,1.461096,22.03,1022,75,,3.58,3,3,3,3,6,6/4/2021,Afternoon,07,819,  3.71 ,  3.19 ,  3.19 ,  3.19 ,3
6/4/21 14:33,38.9226564,1.4611394,22.47,1020,75,,1.79,4,3,3,3,6,6/4/2021,Afternoon,07,819,  3.71 ,  3.19 ,  3.19 ,  3.19 ,4
6/4/21 16:52,38.9226255,1.4611611,22.03,1020,75,,0.89,4,N/A,3,3,6,6/4/2021,Night,07,819,  3.71 ,  3.19 ,  3.19 ,  3.19 ,3
6/4/21 21:10,38.9985237,1.4286675,20.78,1019,20,,0.45,4,N/A,3,3,6,6/4/2021,Night,07,814,  3.71 ,  3.19 ,  3.19 ,  3.19 ,4
6/5/21 2:51,38.9089829,1.441051,20.47,1020,75,,0.45,4,N/A,3,3,7,6/5/2021,Morning,07,800,  3.40 ,  3.25 ,  3.25 ,  3.25 ,4
6/5/21 14:39,38.922608,1.4611749,21.38,1021,75,,1.79,4,N/A,3,3,7,6/5/2021,Afternoon,07,819,  3.40 ,  3.25 ,  3.25 ,  3.25 ,4
6/5/21 18:22,38.9226056,1.4611777,21.16,1018,75,,3.13,4,N/A,3,3,7,6/5/2021,Night,07,819,  3.40 ,  3.25 ,  3.25 ,  3.25 ,4
6/5/21 20:23,38.9226116,1.4611659,20.51,1019,75,,1.34,4,N/A,3,3,7,6/5/2021,Night,07,819,  3.40 ,  3.25 ,  3.25 ,  3.25 ,4
6/5/21 23:02,38.9226071,1.4611727,20.3,1021,75,,1.03,3,N/A,3,3,7,6/5/2021,Night,07,819,  3.40 ,  3.25 ,  3.25 ,  3.25 ,4
6/6/21 1:46,38.9128951,1.4491888,19.37,1020,20,,0.89,4,N/A,3,3,1,6/6/2021,Morning,07,800,  4.00 ,  3.71 ,  3.71 ,  3.71 ,5
6/6/21 14:58,38.9225999,1.4611656,21.81,1020,75,,3.13,4,N/A,3,3,1,6/6/2021,Afternoon,07,819,  4.00 ,  3.71 ,  3.71 ,  3.71 ,4
6/6/21 17:16,38.9226102,1.4611712,21.81,1020,75,,2.68,4,N/A,3,3,1,6/6/2021,Night,07,819,  4.00 ,  3.71 ,  3.71 ,  3.71 ,4
6/6/21 19:56,39.0279896,1.5577009,21.41,1020,25,,2.37,4,N/A,3,3,1,6/6/2021,Night,07,850,  4.00 ,  3.71 ,  3.71 ,  3.71 ,4
6/7/21 9:30,38.9227138,1.4610986,21.6,1021,40,,1.34,2,N/A,3,3,2,6/7/2021,Morning,07,819,  4.25 ,  3.86 ,  3.86 ,  3.86 ,2
6/7/21 12:07,38.9226282,1.4612019,22.68,1021,20,,2.24,2,3,3,3,2,6/7/2021,Afternoon,07,819,  4.25 ,  3.86 ,  3.86 ,  3.86 ,2
6/7/21 16:25,38.9226222,1.4611692,23.33,1020,0,,3.13,4,3,3,3,2,6/7/2021,Night,07,819,  4.25 ,  3.86 ,  3.86 ,  3.86 ,4
6/7/21 22:35,38.9867187,1.535484,21.08,1019,0,,2.64,5,1,3,3,2,6/7/2021,Night,07,849,  4.25 ,  3.86 ,  3.86 ,  3.86 ,5
6/8/21 8:13,38.9134431,1.4229421,21.07,1020,20,,0.89,5,2,3,3,3,6/8/2021,Morning,07,800,  3.25 ,  3.85 ,  3.85 ,  3.85 ,5
6/8/21 10:00,38.9226072,1.4611737,22.03,1020,75,,3.13,4,3,3,3,3,6/8/2021,Morning,07,819,  3.25 ,  3.85 ,  3.85 ,  3.85 ,4
6/8/21 11:53,38.9226096,1.4611735,23.12,1020,0,,2.68,5,3,3,3,3,6/8/2021,Morning,07,819,  3.25 ,  3.85 ,  3.85 ,  3.85 ,4
6/8/21 18:53,38.8758376,1.3690466,23.8,1019,0,,2.57,5,2,3,3,3,6/8/2021,Night,07,818,  3.25 ,  3.85 ,  3.85 ,  3.85 ,5
6/8/21 20:59,40.4536789,-3.858331,29.83,1015,20,,3.32,5,N/A,3,3,3,6/8/2021,Night,28,222,  3.25 ,  3.85 ,  3.85 ,  3.85 ,5
6/8/21 23:10,40.4590053,-3.8611259,26.98,1017,0,,1.94,5,N/A,3,3,3,6/8/2021,Night,28,221,  3.25 ,  3.85 ,  3.85 ,  3.85 ,4
6/9/21 9:18,40.4789303,-3.8588798,22.84,1019,0,,1.76,4,N/A,3,3,4,6/9/2021,Morning,28,221,  4.50 ,  4.07 ,  4.07 ,  4.07 ,2
09/06/2021 09:18,40.4789303,-3.8588798,22.84,1019,0,,1.76,4,N/A,3,3,2,9/6/2021,Morning,28,221,#DIV/0!,#DIV/0!,#DIV/0!,#DIV/0!,2
09/06/2021 11:08,40.4789401,-3.85882,25.75,1020,0,,1.86,5,3,3,3,2,9/6/2021,Morning,28,221,#DIV/0!,#DIV/0!,#DIV/0!,#DIV/0!,3
09/06/2021 13:45,40.4789351,-3.8588548,30.91,1019,0,,3.43,4,3,3,3,2,9/6/2021,Afternoon,28,221,#DIV/0!,#DIV/0!,#DIV/0!,#DIV/0!,4
09/06/2021 15:35,40.4789391,-3.8588227,32.5,1017,0,,5.12,4,3,3,3,2,9/6/2021,Afternoon,28,221,#DIV/0!,#DIV/0!,#DIV/0!,#DIV/0!,3
09/06/2021 17:33,40.4789362,-3.8588411,33.09,1016,20,,4.26,4,3,3,3,2,9/6/2021,Night,28,221,#DIV/0!,#DIV/0!,#DIV/0!,#DIV/0!,4
09/06/2021 19:32,40.4789294,-3.8588761,32.54,1016,0,,4.38,4,3,3,3,2,9/6/2021,Night,28,221,#DIV/0!,#DIV/0!,#DIV/0!,#DIV/0!,4
09/06/2021 21:38,40.4920691,-3.6966511,30.4,1018,20,,2.24,4,N/A,3,3,2,9/6/2021,Night,28,034,#DIV/0!,#DIV/0!,#DIV/0!,#DIV/0!,4
09/06/2021 23:38,40.4919605,-3.6965355,25.75,1019,20,,1.34,4,N/A,3,3,2,9/6/2021,Night,28,034,#DIV/0!,#DIV/0!,#DIV/0!,#DIV/0!,4
10/06/2021 08:34,40.4920512,-3.6966279,21.32,1009,0,,1.34,4,N/A,3,3,4,10/6/2021,Morning,28,034,#DIV/0!,#DIV/0!,#DIV/0!,#DIV/0!,3
10/06/2021 10:32,40.4920406,-3.6965937,24.25,1020,0,,1.34,4,3,3,3,4,10/6/2021,Morning,28,034,#DIV/0!,#DIV/0!,#DIV/0!,#DIV/0!,4
10/06/2021 12:15,40.4920316,-3.6966055,26.54,1020,0,,2.24,3,N/A,3,3,4,10/6/2021,Afternoon,28,034,#DIV/0!,#DIV/0!,#DIV/0!,#DIV/0!,3
10/06/2021 14:39,40.4920777,-3.6966421,30.98,1019,0,,0.89,4,3,3,3,4,10/6/2021,Afternoon,28,034,#DIV/0!,#DIV/0!,#DIV/0!,#DIV/0!,4
10/06/2021 17:17,40.4920345,-3.6965951,32.87,1016,20,,0.89,4,3,3,3,4,10/6/2021,Night,28,034,#DIV/0!,#DIV/0!,#DIV/0!,#DIV/0!,3
10/06/2021 18:59,40.49202,-3.6965915,32.82,1015,20,,3.13,4,N/A,2,4,4,10/6/2021,Night,28,034,#DIV/0!,#DIV/0!,#DIV/0!,#DIV/0!,3
10/06/2021 21:07,40.4315678,-3.7088233,31.77,1016,0,,3.58,4,N/A,2,4,4,10/6/2021,Night,28,015,#DIV/0!,#DIV/0!,#DIV/0!,#DIV/0!,3
10/06/2021 23:15,40.4351283,-3.7075952,26.74,1018,0,,1.79,5,N/A,2,4,4,10/6/2021,Night,28,015,#DIV/0!,#DIV/0!,#DIV/0!,#DIV/0!,4
11/06/2021 08:54,40.4920277,-3.69665,21.87,1018,0,,0.89,4,N/A,2,4,7,11/6/2021,Morning,28,034,#DIV/0!,#DIV/0!,#DIV/0!,#DIV/0!,3
11/06/2021 11:15,40.4919758,-3.6966024,25.06,1018,0,,0.89,4,3,3,3,7,11/6/2021,Morning,28,034,#DIV/0!,#DIV/0!,#DIV/0!,#DIV/0!,4
11/06/2021 14:23,40.4920283,-3.6966578,30.17,1016,0,,3.09,4,N/A,3,3,7,11/6/2021,Afternoon,28,034,#DIV/0!,#DIV/0!,#DIV/0!,#DIV/0!,4
11/06/2021 16:18,40.5223855,-3.8863728,31.22,1015,20,,1.03,4,3,3,3,7,11/6/2021,Night,28,034,#DIV/0!,#DIV/0!,#DIV/0!,#DIV/0!,3
11/06/2021 18:01,41.8027647,-5.3466928,26.17,1013,4,,11.55,4,N/A,2,4,7,11/6/2021,Night,49,630,#DIV/0!,#DIV/0!,#DIV/0!,#DIV/0!,3
11/06/2021 19:47,42.9008798,-7.1886237,16.3,1016,5,,2.94,4,N/A,3,3,7,11/6/2021,Night,27,695,#DIV/0!,#DIV/0!,#DIV/0!,#DIV/0!,4
12/06/2021 00:05,43.0099735,-7.5547305,14.31,1026,2,,1.84,4,N/A,4,2,2,12/6/2021,Morning,27,001,#DIV/0!,#DIV/0!,#DIV/0!,#DIV/0!,4
12/06/2021 02:22,43.0097554,-7.568991,14.31,1025,14,,2.11,4,N/A,3,3,2,12/6/2021,Morning,27,004,#DIV/0!,#DIV/0!,#DIV/0!,#DIV/0!,4
12/06/2021 04:26,43.0097547,-7.5690156,14.31,1024,39,,2.01,4,N/A,4,2,2,12/6/2021,Morning,27,004,#DIV/0!,#DIV/0!,#DIV/0!,#DIV/0!,4
12/06/2021 11:25,43.0097526,-7.5690099,21.38,1022,10,,1.79,4,N/A,4,2,2,12/6/2021,Morning,27,004,#DIV/0!,#DIV/0!,#DIV/0!,#DIV/0!,4
12/06/2021 13:10,43.1914351,-7.8808338,22.17,1019,3,,2.86,4,N/A,4,2,2,12/6/2021,Afternoon,27,300,#DIV/0!,#DIV/0!,#DIV/0!,#DIV/0!,4
13/06/2021 02:53,43.2809624,-8.2214687,18.14,1019,0,,0.45,4,N/A,4,2,#VALUE!,#VALUE!,Morning,15,319,  3.91 ,  3.91 ,  3.91 ,  3.91 ,4
13/06/2021 19:16,43.2809624,-8.2214687,22.99,1020,20,,4.12,4,N/A,4,2,#VALUE!,#VALUE!,Night,15,319,  3.91 ,  3.91 ,  3.91 ,  3.91 ,4
13/06/2021 23:23,43.0102402,-7.5651808,16.61,1021,98,,2.04,4,N/A,4,2,#VALUE!,#VALUE!,Night,27,004,  3.91 ,  3.91 ,  3.91 ,  3.91 ,4
14/06/2021 09:40,43.0116708,-7.5709381,16.93,1026,14,,0.56,4,3,4,2,#VALUE!,#VALUE!,Morning,27,004,  3.91 ,  3.91 ,  3.91 ,  3.91 ,4
14/06/2021 13:26,43.0067384,-7.5678901,25.89,1026,9,,0.64,4,3,4,2,#VALUE!,#VALUE!,Afternoon,27,004,  3.91 ,  3.91 ,  3.91 ,  3.91 ,4
14/06/2021 17:19,43.0072659,-7.5553608,16.1,1021,36,,2.11,4,3,4,2,#VALUE!,#VALUE!,Night,27,004,  3.91 ,  3.91 ,  3.91 ,  3.91 ,4
14/06/2021 19:07,42.5541693,-6.601532,20.97,1020,80,,2.66,4,2,2,4,#VALUE!,#VALUE!,Night,24,400,  3.91 ,  3.91 ,  3.91 ,  3.91 ,3
14/06/2021 23:34,40.6531312,-4.0495865,23.32,1017,2,,2.19,4,N/A,4,2,#VALUE!,#VALUE!,Night,28,440,  3.91 ,  3.91 ,  3.91 ,  3.91 ,4
15/06/2021 02:41,40.4797199,-3.8612355,23.65,1017,0,,3.6,4,2,4,2,#VALUE!,#VALUE!,Morning,28,221,  3.91 ,  3.91 ,  3.91 ,  3.91 ,4
15/06/2021 10:46,40.4785446,-3.8583725,26.03,1016,0,,2.57,3,3,3,3,#VALUE!,#VALUE!,Morning,28,221,  3.91 ,  3.91 ,  3.91 ,  3.91 ,3
15/06/2021 21:21,40.4781315,-3.8612355,29.46,1011,0,,1.34,5,4,3,3,#VALUE!,#VALUE!,Night,28,221,  3.91 ,  3.91 ,  3.91 ,  3.91 ,5
6/16/21 9:21,40.4789329,-3.8588645,21.71,1008,79,,2.36,4,3,3,3,4,6/16/2021,Morning,28,221,#DIV/0!,#DIV/0!,#DIV/0!,#DIV/0!,3
6/16/21 11:20,40.4789315,-3.8588749,24.65,1011,0,,1.54,3,3,3,3,4,6/16/2021,Morning,28,221,#DIV/0!,#DIV/0!,#DIV/0!,#DIV/0!,3
6/16/21 13:50,40.4789268,-3.858876,27.36,1010,40,,0.45,3,3,3,3,4,6/16/2021,Afternoon,28,221,#DIV/0!,#DIV/0!,#DIV/0!,#DIV/0!,4
6/16/21 16:11,40.4789456,-3.858784,29.3,1007,40,,3.09,3,3,3,3,4,6/16/2021,Night,28,221,#DIV/0!,#DIV/0!,#DIV/0!,#DIV/0!,4
6/16/21 18:06,40.4789311,-3.8588729,29.69,1006,40,,3.6,4,3,3,3,4,6/16/2021,Night,28,221,#DIV/0!,#DIV/0!,#DIV/0!,#DIV/0!,4
6/16/21 19:50,40.4789312,-3.8588766,28.48,1005,17,,3.9,3,N/A,3,3,4,6/16/2021,Night,28,221,#DIV/0!,#DIV/0!,#DIV/0!,#DIV/0!,4
6/16/21 21:46,40.5066086,-3.6971186,21.99,1009,75,,9.77,2,N/A,3,3,4,6/16/2021,Night,28,034,#DIV/0!,#DIV/0!,#DIV/0!,#DIV/0!,2
6/16/21 23:42,40.4919518,-3.6965363,19.61,1012,75,,2.57,2,N/A,3,3,4,6/16/2021,Night,28,034,#DIV/0!,#DIV/0!,#DIV/0!,#DIV/0!,2
6/17/21 8:28,40.4919605,-3.6965422,15.59,1012,90,,3.58,2,N/A,3,3,5,6/17/2021,Morning,28,034,  3.25 ,  3.25 ,  3.25 ,  3.25 ,2
6/17/21 10:45,40.4920197,-3.6966532,16.12,1012,75,,2.57,2,4,3,3,5,6/17/2021,Morning,28,034,  3.25 ,  3.25 ,  3.25 ,  3.25 ,3
6/17/21 12:38,40.4919466,-3.6965699,16.63,1012,75,,3.09,2,3,3,3,5,6/17/2021,Afternoon,28,034,  3.25 ,  3.25 ,  3.25 ,  3.25 ,3
6/17/21 14:32,40.4919981,-3.6966206,16.37,1012,75,,5.66,2,3,2,4,5,6/17/2021,Afternoon,28,034,  3.25 ,  3.25 ,  3.25 ,  3.25 ,2
6/17/21 16:17,40.492027,-3.6966558,19.08,1012,75,,2.57,2,3,2,4,5,6/17/2021,Night,28,034,  3.25 ,  3.25 ,  3.25 ,  3.25 ,2
6/17/21 18:18,40.4354629,-3.6561479,21.36,1000,40,,1.34,2,3,2,4,5,6/17/2021,Night,28,027,  3.25 ,  3.25 ,  3.25 ,  3.25 ,2
6/17/21 20:04,40.4414153,-3.6545651,20.33,1011,75,,1.79,2,N/A,3,3,5,6/17/2021,Night,28,027,  3.25 ,  3.25 ,  3.25 ,  3.25 ,3
6/17/21 22:21,40.4414466,-3.6545585,18.59,1012,0,,0.89,2,N/A,2,4,5,6/17/2021,Night,28,027,  3.25 ,  3.25 ,  3.25 ,  3.25 ,3
6/18/21 1:15,40.4789247,-3.858875,16.46,1012,0,,0.45,3,N/A,2,4,6,6/18/2021,Morning,28,221,  2.50 ,  2.88 ,  2.88 ,  2.88 ,4
6/18/21 13:07,40.478928,-3.8588474,20.66,1013,40,,3.09,4,4,2,4,6,6/18/2021,Afternoon,28,221,  2.50 ,  2.88 ,  2.88 ,  2.88 ,4
6/18/21 16:39,40.4789428,-3.8588015,21.51,1011,75,,3.6,4,3,2,4,6,6/18/2021,Night,28,221,  2.50 ,  2.88 ,  2.88 ,  2.88 ,4
6/18/21 19:04,40.4789202,-3.8588753,21.47,1011,20,,8.23,4,3,2,4,6,6/18/2021,Night,28,221,  2.50 ,  2.88 ,  2.88 ,  2.88 ,4
6/19/21 15:34,40.478934,-3.8588322,22.44,1014,20,,1.34,4,N/A,2,4,7,6/19/2021,Afternoon,28,221,  4.00 ,  3.10 ,  3.10 ,  3.10 ,4
6/19/21 20:57,40.6980366,-3.933515,20.7,1015,40,,0.45,4,N/A,2,4,7,6/19/2021,Night,28,412,  4.00 ,  3.10 ,  3.10 ,  3.10 ,5
6/19/21 23:57,40.7594206,-3.4642778,18.25,1015,8,,1.58,5,N/A,2,4,7,6/19/2021,Night,28,170,  4.00 ,  3.10 ,  3.10 ,  3.10 ,4
6/20/21 13:43,40.7599402,-3.4643998,17.38,1013,31,,3.13,4,N/A,2,4,1,6/20/2021,Afternoon,28,170,  4.33 ,  3.27 ,  3.27 ,  3.27 ,4
6/20/21 15:50,40.8661804,-3.4932971,17.92,1011,100,,6.38,5,N/A,2,4,1,6/20/2021,Afternoon,28,189,  4.33 ,  3.27 ,  3.27 ,  3.27 ,4
6/20/21 17:51,40.8660305,-3.4932391,17.86,1011,83,,0.89,5,N/A,2,4,1,6/20/2021,Night,28,189,  4.33 ,  3.27 ,  3.27 ,  3.27 ,5
6/20/21 20:30,40.6514683,-3.5103174,18.32,1012,75,,2.68,5,N/A,2,4,1,6/20/2021,Night,28,140,  4.33 ,  3.27 ,  3.27 ,  3.27 ,5
6/20/21 23:48,40.4789254,-3.8588672,16,1011,75,,2.06,4,N/A,2,4,1,6/20/2021,Night,28,221,  4.33 ,  3.27 ,  3.27 ,  3.27 ,4
6/21/21 9:32,40.4789221,-3.8588625,13.4,1012,0,,1.79,5,3,2,4,2,6/21/2021,Morning,28,221,  4.40 ,  4.25 ,  4.25 ,  4.25 ,4
6/21/21 11:15,40.4789447,-3.8587688,16.28,1012,20,,2.24,5,3,2,4,2,6/21/2021,Morning,28,221,  4.40 ,  4.25 ,  4.25 ,  4.25 ,4
6/21/21 12:58,40.4789184,-3.8588802,18.31,1012,20,,2.68,4,3,2,4,2,6/21/2021,Afternoon,28,221,  4.40 ,  4.25 ,  4.25 ,  4.25 ,4
6/21/21 15:38,40.4789209,-3.8588733,20.32,1011,40,,2.68,4,3,2,4,2,6/21/2021,Afternoon,28,221,  4.40 ,  4.25 ,  4.25 ,  4.25 ,5
6/21/21 21:24,40.4789212,-3.8588626,19.84,1012,0,,0.89,4,N/A,2,4,2,6/21/2021,Night,28,221,  4.40 ,  4.25 ,  4.25 ,  4.25 ,4
6/22/21 0:20,40.4789244,-3.8588703,16.75,1014,0,,1.79,4,N/A,2,4,3,6/22/2021,Morning,28,221,  4.20 ,  4.31 ,  4.31 ,  4.31 ,4
6/22/21 8:43,40.4789185,-3.8588693,16.25,1014,20,,0.89,4,N/A,2,4,3,6/22/2021,Morning,28,221,  4.20 ,  4.31 ,  4.31 ,  4.31 ,3
6/22/21 10:56,40.4789267,-3.8588516,18.3,1014,0,,2.06,4,3,2,4,3,6/22/2021,Morning,28,221,  4.20 ,  4.31 ,  4.31 ,  4.31 ,4
6/22/21 13:51,40.4789403,-3.8588059,20.14,1015,40,,2.57,4,N/A,2,4,3,6/22/2021,Afternoon,28,221,  4.20 ,  4.31 ,  4.31 ,  4.31 ,4
6/22/21 16:12,40.4789268,-3.8588378,20.34,1015,75,,2.57,5,4,2,4,3,6/22/2021,Night,28,221,  4.20 ,  4.31 ,  4.31 ,  4.31 ,4
6/22/21 18:27,40.4789228,-3.8588664,19.52,1016,40,,2.06,5,3,2,4,3,6/22/2021,Night,28,221,  4.20 ,  4.31 ,  4.31 ,  4.31 ,5
6/22/21 20:21,40.4235953,-3.700272,16.47,1003,40,,3.58,4,3,3,3,3,6/22/2021,Night,28,004,  4.20 ,  4.31 ,  4.31 ,  4.31 ,4
6/22/21 22:02,40.4236315,-3.700232,15.81,1018,20,,2.24,5,N/A,4,2,3,6/22/2021,Night,28,004,  4.20 ,  4.31 ,  4.31 ,  4.31 ,4
6/23/21 0:56,40.4236054,-3.7002368,15.14,1018,0,,3.13,4,N/A,4,2,4,6/23/2021,Morning,28,004,  4.00 ,  4.17 ,  4.17 ,  4.17 ,4
6/23/21 9:31,40.4789191,-3.858876,15.88,1018,0,,1.79,3,3,4,2,4,6/23/2021,Morning,28,221,  4.00 ,  4.17 ,  4.17 ,  4.17 ,4
6/23/21 15:32,40.4789212,-3.8588705,21.64,1017,40,,1.34,5,2,4,2,4,6/23/2021,Afternoon,28,221,  4.00 ,  4.17 ,  4.17 ,  4.17 ,4
6/23/21 17:30,40.4789271,-3.8588492,22.88,1016,20,,1.79,4,3,4,2,4,6/23/2021,Night,28,221,  4.00 ,  4.17 ,  4.17 ,  4.17 ,4