timestamp,lat,lon,temperature,atpressure,cloudiness,rain,windspeed,Relationship,job,social,Refresh,dow,date,day slot,Province,District, Previous 1 days, Previous 3 days, Previous 6 days, Previous 10 days,Total Sleep (minutes),Min of heartRate,Max of heartRate, Average of heartRate, steps, distance, runDistance, calories,TARGET (Happiness)
5/12/21 0:36,38.9240056,1.4557035,17.42,1020,0,,7,5,N/A,2,,4,5/12/2021,Night,07,819,  4.40 ,  4.40 ,  4.40 ,  4.40 ,,,,,,,,,5
5/12/21 11:42,38.9166013,1.4209726,20.35,1017,0,,7.2,3,N/A,3,,4,5/12/2021,Morning,07,800,  4.40 ,  4.40 ,  4.40 ,  4.40 ,,,,,,,,,4
5/12/21 14:47,38.9226127,1.4611746,21.33,1016,0,,6.17,4,N/A,2,,4,5/12/2021,Afternoon,07,819,  4.40 ,  4.40 ,  4.40 ,  4.40 ,,,,,,,,,4
5/12/21 17:48,38.9226094,1.461175,19.8,1014,20,,5.36,4,N/A,3,,4,5/12/2021,Afternoon,07,819,  4.40 ,  4.40 ,  4.40 ,  4.40 ,,,,,,,,,5
5/12/21 20:54,38.9226061,1.4611757,18.06,1014,20,,4.47,5,N/A,3,,4,5/12/2021,Night,07,819,  4.40 ,  4.40 ,  4.40 ,  4.40 ,,,,,,,,,4
5/13/21 6:46,38.9226071,1.4611764,16.97,1015,0,,3.58,4,N/A,3,4,5,5/13/2021,Morning,07,819,  4.40 ,  4.40 ,  4.40 ,  4.40 ,,,,,,,,,3
5/13/21 8:43,38.9226072,1.4611738,16.97,1016,0,,5.36,3,N/A,3,4,5,5/13/2021,Morning,07,819,  4.40 ,  4.40 ,  4.40 ,  4.40 ,,,,,,,,,3
5/13/21 10:59,38.9226072,1.4611738,19.87,1016,100,,2.68,3,N/A,3,4,5,5/13/2021,Morning,07,819,  4.40 ,  4.40 ,  4.40 ,  4.40 ,,,,,,,,,3
5/13/21 13:25,38.9226072,1.4611738,19.66,1015,20,,2.68,3,N/A,3,3,5,5/13/2021,Afternoon,07,819,  4.40 ,  4.40 ,  4.40 ,  4.40 ,,,,,,,,,4
5/13/21 14:49,38.9226048,1.461174,21.46,1015,20,,4.12,2,N/A,3,4,5,5/13/2021,Afternoon,07,819,  4.40 ,  4.40 ,  4.40 ,  4.40 ,,,,,,,,,2
5/13/21 20:02,40.5202362,-3.599147,18.91,1013,40,,6.39,3,N/A,2,3,5,5/13/2021,Night,28,109,  4.40 ,  4.40 ,  4.40 ,  4.40 ,,,,,,,,,4
5/13/21 22:23,40.4235652,-3.7002565,15.05,1014,20,,7.2,3,N/A,2,2,5,5/13/2021,Night,28,004,  4.40 ,  4.40 ,  4.40 ,  4.40 ,,,,,,,,,4
5/14/21 1:43,40.4789559,-3.8587593,13.68,1016,0,,4.63,4,N/A,2,3,6,5/14/2021,Night,28,221,  3.29 ,  3.75 ,  3.75 ,  3.75 ,,,,,,,,,4
5/14/21 8:15,40.4789526,-3.8587725,12.03,1017,20,,6.69,4,N/A,3,3,6,5/14/2021,Morning,28,221,  3.29 ,  3.75 ,  3.75 ,  3.75 ,,,,,,,,,4
5/14/21 10:27,40.478937,-3.8588612,14.65,1018,20,,6.17,5,N/A,3,3,6,5/14/2021,Morning,28,221,  3.29 ,  3.75 ,  3.75 ,  3.75 ,,,,,,,,,4
5/14/21 12:38,40.47896,-3.8587429,16.67,1015,68,,1.79,5,N/A,3,3,6,5/14/2021,Afternoon,28,221,  3.29 ,  3.75 ,  3.75 ,  3.75 ,,,,,,,,,4
5/16/21 10:11,40.4207005,-3.6922774,17.59,1016,0,,4.63,2,N/A,2,2,1,5/16/2021,Morning,28,001,  3.00 ,  3.55 ,  3.55 ,  3.55 ,,,,,,,,,2
5/16/21 13:23,40.4179634,-3.6783286,23.71,1016,0,,4.12,1,N/A,2,3,1,5/16/2021,Afternoon,28,009,  3.00 ,  3.55 ,  3.55 ,  3.55 ,,,,,,,,,2
5/17/21 8:39,40.4806836,-3.8609173,14.13,1018,0,,2.57,1,N/A,3,2,2,5/17/2021,Morning,28,231,  2.00 ,  3.33 ,  3.33 ,  3.33 ,,,,,,,,,2
5/17/21 11:23,40.4794022,-3.8612355,17.74,1020,0,,0.51,2,2,3,3,2,5/17/2021,Morning,28,221,  2.00 ,  3.33 ,  3.33 ,  3.33 ,,,,,,,,,3
5/17/21 15:09,40.4791164,-3.8602811,23.33,1019,0,,2.06,3,2,3,2,2,5/17/2021,Afternoon,28,221,  2.00 ,  3.33 ,  3.33 ,  3.33 ,,,,,,,,,3
5/17/21 18:37,40.4791164,-3.8602811,25.36,1018,0,,4.12,3,N/A,3,2,2,5/17/2021,Afternoon,28,221,  2.00 ,  3.33 ,  3.33 ,  3.33 ,,,,,,,,,3
5/17/21 22:05,40.4728365,-3.8580544,20.99,1018,0,,2.57,3,N/A,3,4,2,5/17/2021,Night,28,221,  2.00 ,  3.33 ,  3.33 ,  3.33 ,,,,,,,,,3
5/18/21 0:26,40.4762995,-3.8590087,18.57,1019,0,,2.06,2,N/A,3,2,3,5/18/2021,Night,28,221,  2.80 ,  2.57 ,  2.57 ,  2.57 ,,,,,,,,,3
5/18/21 10:30,40.478931,-3.858853,18.38,1020,0,,1.03,3,3,3,3,3,5/18/2021,Morning,28,221,  2.80 ,  2.57 ,  2.57 ,  2.57 ,,,,,,,,,3
5/18/21 13:47,40.478931,-3.8588649,24.13,1015,0,,3.98,3,3,3,2,3,5/18/2021,Afternoon,28,221,  2.80 ,  2.57 ,  2.57 ,  2.57 ,,,,,,,,,3
5/18/21 16:11,40.4789297,-3.8588564,25.21,1014,0,,3.18,3,3,3,4,3,5/18/2021,Afternoon,28,221,  2.80 ,  2.57 ,  2.57 ,  2.57 ,,,,,,,,,3
5/18/21 16:17,40.4789297,-3.8588564,25.35,1014,0,,3.18,3,3,3,4,3,5/18/2021,Afternoon,28,221,  2.80 ,  2.57 ,  2.57 ,  2.57 ,,,,,,,,,3
5/18/21 18:20,40.4920144,-3.6965648,25.74,999,20,,1.34,2,N/A,2,2,3,5/18/2021,Afternoon,28,034,  2.80 ,  2.57 ,  2.57 ,  2.57 ,,,,,,,,,2
5/18/21 20:40,40.4920797,-3.6966243,23.72,1020,20,,1.79,3,N/A,3,2,3,5/18/2021,Night,28,034,  2.80 ,  2.57 ,  2.57 ,  2.57 ,,,,,,,,,3
5/19/21 0:41,40.4920418,-3.6965984,18.35,1022,20,,0.45,2,N/A,3,2,4,5/19/2021,Night,28,034,  2.86 ,  2.71 ,  2.71 ,  2.71 ,,,,,,,,,3
5/19/21 10:05,40.4919964,-3.6966292,15.36,1024,0,,0.45,2,3,3,3,4,5/19/2021,Morning,28,034,  2.86 ,  2.71 ,  2.71 ,  2.71 ,,,,,,,,,2
5/19/21 12:15,40.4920634,-3.6966115,18.3,1024,0,,3.58,1,2,3,3,4,5/19/2021,Afternoon,28,034,  2.86 ,  2.71 ,  2.71 ,  2.71 ,,,,,,,,,2
5/19/21 15:05,40.4920734,-3.6966187,21.88,1022,0,,1.79,1,2,3,3,4,5/19/2021,Afternoon,28,034,  2.86 ,  2.71 ,  2.71 ,  2.71 ,,,,,,,,,2
5/19/21 17:17,40.4920507,-3.696608,23.67,1023,0,,1.34,1,2,3,3,4,5/19/2021,Afternoon,28,034,  2.86 ,  2.71 ,  2.71 ,  2.71 ,,,,,,,,,2
5/19/21 19:35,40.4895637,-3.6957652,24.45,997,0,,0.45,1,2,3,3,4,5/19/2021,Night,28,034,  2.86 ,  2.71 ,  2.71 ,  2.71 ,,,,,,,,,3
5/19/21 21:52,40.4416149,-3.654868,20.65,1022,0,,3.58,2,N/A,3,3,4,5/19/2021,Night,28,027,  2.86 ,  2.71 ,  2.71 ,  2.71 ,,,,,,,,,4
5/20/21 7:28,40.4920086,-3.6965659,11.58,1006,0,,2.68,1,N/A,2,2,5,5/20/2021,Morning,28,034,  2.57 ,  2.74 ,  2.74 ,  2.74 ,,,,,,,,,2
5/20/21 9:37,40.4920702,-3.6965992,15.52,1025,0,,1.79,1,2,2,3,5,5/20/2021,Morning,28,034,  2.57 ,  2.74 ,  2.74 ,  2.74 ,,,,,,,,,3
5/20/21 12:01,40.4920227,-3.6965712,19.75,1024,0,,0.89,1,3,3,3,5,5/20/2021,Afternoon,28,034,  2.57 ,  2.74 ,  2.74 ,  2.74 ,,,,,,,,,4
5/20/21 14:09,40.4920873,-3.6966401,22.86,1024,0,,0.45,2,N/A,3,3,5,5/20/2021,Afternoon,28,034,  2.57 ,  2.74 ,  2.74 ,  2.74 ,,,,,,,,,4
5/20/21 16:33,40.4921018,-3.6966524,25.98,1020,0,,0.89,2,3,3,2,5,5/20/2021,Afternoon,28,034,  2.57 ,  2.74 ,  2.74 ,  2.74 ,,,,,,,,,3
5/20/21 18:42,40.4598118,-3.7059445,27.32,1020,0,,0.89,2,N/A,4,4,5,5/20/2021,Afternoon,28,039,  2.57 ,  2.74 ,  2.74 ,  2.74 ,,,,,,,,,4
5/20/21 21:31,40.411638,-3.7105677,26.01,1019,0,,1.34,2,N/A,4,4,5,5/20/2021,Night,28,005,  2.57 ,  2.74 ,  2.74 ,  2.74 ,,,,,,,,,4
5/21/21 0:16,40.4123773,-3.7092406,21.45,1020,0,,1.34,2,N/A,4,3,6,5/21/2021,Night,28,005,  3.43 ,  2.95 ,  2.95 ,  2.95 ,,,,,,,,,4
5/21/21 4:34,40.4920372,-3.6965794,21.45,1020,0,,1.34,2,N/A,4,2,6,5/21/2021,Night,28,034,  3.43 ,  2.95 ,  2.95 ,  2.95 ,,,,,,,,,3
5/21/21 10:13,40.4920655,-3.6966079,19.2,1017,0,,0.89,1,3,3,1,6,5/21/2021,Morning,28,034,  3.43 ,  2.95 ,  2.95 ,  2.95 ,,,,,,,,,2
5/21/21 13:31,40.4920576,-3.6966093,25.56,1015,0,,3.58,1,2,3,1,6,5/21/2021,Afternoon,28,034,  3.43 ,  2.95 ,  2.95 ,  2.95 ,,,,,,,,,1
5/21/21 16:37,40.4920267,-3.696571,27.3,1013,0,,1.34,2,N/A,3,3,6,5/21/2021,Afternoon,28,034,  3.43 ,  2.95 ,  2.95 ,  2.95 ,,,,,,,,,2
5/21/21 18:40,40.4789801,-3.8587768,26.19,1009,0,,1.34,2,N/A,3,3,6,5/21/2021,Afternoon,28,221,  3.43 ,  2.95 ,  2.95 ,  2.95 ,,,,,,,,,3
5/21/21 20:47,40.425739,-3.7038736,24.45,1000,0,,4.02,3,N/A,3,3,6,5/21/2021,Night,28,004,  3.43 ,  2.95 ,  2.95 ,  2.95 ,,,,,,,,,3
5/21/21 23:12,40.4228756,-3.7033074,20.8,1015,0,,3.58,2,N/A,3,2,6,5/21/2021,Night,28,004,  3.43 ,  2.95 ,  2.95 ,  2.95 ,,,,,,,,,3
5/22/21 1:22,40.4268666,-3.7033254,18.47,1015,0,,2.68,2,N/A,3,2,7,5/22/2021,Night,28,004,  2.63 ,  2.86 ,  2.86 ,  2.86 ,,,,,,,,,3
5/22/21 6:57,40.426881,-3.7033346,18.47,1015,0,,2.68,2,N/A,3,2,7,5/22/2021,Morning,28,004,  2.63 ,  2.86 ,  2.86 ,  2.86 ,,,,,,,,,2
5/22/21 13:25,40.4269218,-3.7032895,19.53,1016,0,,5.81,3,N/A,3,3,7,5/22/2021,Afternoon,28,004,  2.63 ,  2.86 ,  2.86 ,  2.86 ,,,,,,,,,3
5/22/21 19:45,40.4269015,-3.7033019,18.48,1001,0,,4.92,3,N/A,3,4,7,5/22/2021,Night,28,004,  2.63 ,  2.86 ,  2.86 ,  2.86 ,,,,,,,,,4
5/22/21 22:06,40.4257293,-3.7037257,16.62,1016,0,,2.68,2,N/A,4,2,7,5/22/2021,Night,28,004,  2.63 ,  2.86 ,  2.86 ,  2.86 ,,,,,,,,,3
5/23/21 18:37,40.4789286,-3.8588597,16.33,1014,40,,0.89,3,N/A,3,3,1,5/23/2021,Afternoon,28,004,  3.00 ,  3.00 ,  3.00 ,  3.00 ,,,,,,,,,3
5/24/21 3:36,40.4789292,-3.8588672,10.46,1017,0,,3.61,4,N/A,3,4,2,5/24/2021,Night,28,221,  3.00 ,  2.79 ,  2.79 ,  2.79 ,,,,,,,,,4
5/24/21 11:14,40.4920369,-3.6965941,15.75,1022,0,,0.89,4,3,3,5,2,5/24/2021,Morning,28,034,  3.00 ,  2.79 ,  2.79 ,  2.79 ,,,,,,,,,4
5/24/21 14:29,40.4920717,-3.6966003,18.4,1022,75,,2.68,3,4,3,5,2,5/24/2021,Afternoon,28,034,  3.00 ,  2.79 ,  2.79 ,  2.79 ,,,,,,,,,4
5/24/21 16:35,40.4920436,-3.6965952,19.82,1022,75,,2.68,3,3,3,4,2,5/24/2021,Afternoon,28,034,  3.00 ,  2.79 ,  2.79 ,  2.79 ,,,,,,,,,4
5/24/21 18:48,40.492086,-3.6966275,20.31,1020,75,,0.89,3,3,3,2,2,5/24/2021,Afternoon,28,034,  3.00 ,  2.79 ,  2.79 ,  2.79 ,,,,,,,,,3
5/24/21 20:57,40.5078641,-3.696492,19.95,1021,40,,0.45,3,N/A,2,2,2,5/24/2021,Night,28,034,  3.00 ,  2.79 ,  2.79 ,  2.79 ,,,,,,,,,3
5/25/21 9:29,40.4920189,-3.6966014,12.43,1007,75,,2.68,3,3,3,5,3,5/25/2021,Morning,28,034,  3.67 ,  3.33 ,  3.33 ,  3.33 ,,,,,,,,,4
5/25/21 11:36,40.4919903,-3.6965419,17.36,1001,20,,1.79,3,3,3,5,3,5/25/2021,Morning,28,034,  3.67 ,  3.33 ,  3.33 ,  3.33 ,,,,,,,,,4
5/25/21 18:36,40.4919827,-3.6965298,24.7,1019,20,,0.45,3,3,3,5,3,5/25/2021,Afternoon,28,034,  3.67 ,  3.33 ,  3.33 ,  3.33 ,,,,,,,,,4
5/26/21 11:03,40.4920498,-3.6966036,17.39,1022,20,,2.24,2,3,3,2,4,5/26/2021,Morning,28,034,  4.00 ,  3.70 ,  3.70 ,  3.70 ,,,,,,,,,3
5/26/21 13:25,40.4919801,-3.6965357,21.03,1019,20,,1.34,2,3,3,3,4,5/26/2021,Afternoon,28,034,  4.00 ,  3.70 ,  3.70 ,  3.70 ,,,,,,,,,3
5/26/21 16:15,40.4920803,-3.6966268,24.99,1016,20,,2.68,4,3,3,4,4,5/26/2021,Afternoon,28,034,  4.00 ,  3.70 ,  3.70 ,  3.70 ,,,,,,,,,4
5/26/21 18:11,40.4920458,-3.6965923,25.78,993,40,,3.58,4,3,3,4,4,5/26/2021,Afternoon,28,034,  4.00 ,  3.70 ,  3.70 ,  3.70 ,,,,,,,,,4
5/26/21 20:07,40.4415741,-3.6548259,25.58,1016,40,,1.34,4,N/A,3,4,4,5/26/2021,Night,28,027,  4.00 ,  3.70 ,  3.70 ,  3.70 ,,,,,,,,,4
5/26/21 22:22,40.4712416,-3.8507796,22.61,1012,0,,1.36,3,N/A,3,4,4,5/26/2021,Night,Ma,dri,  4.00 ,  3.70 ,  3.70 ,  3.70 ,,,,,,,,,3
5/27/21 0:37,40.4789355,-3.8588368,19.04,1014,0,,2.44,5,N/A,3,3,5,5/27/2021,Night,28,221,  3.50 ,  3.67 ,  3.67 ,  3.67 ,,,,,,,,,5
5/27/21 5:39,40.4789307,-3.8588672,14.54,1013,0,,2.36,4,N/A,3,3,5,5/27/2021,Night,28,221,  3.50 ,  3.67 ,  3.67 ,  3.67 ,,,,,,,,,4
5/27/21 16:21,38.9226725,1.461135,20.51,1016,20,,4.02,4,3,3,3,5,5/27/2021,Afternoon,07,819,  3.50 ,  3.67 ,  3.67 ,  3.67 ,,,,,,,,,4
5/27/21 18:06,38.9226025,1.4611734,20.51,1015,0,,2.68,4,3,3,2,5,5/27/2021,Afternoon,07,819,  3.50 ,  3.67 ,  3.67 ,  3.67 ,,,,,,,,,4
5/27/21 20:08,38.9075023,1.4244328,19.98,1015,0,,3.13,4,N/A,3,2,5,5/27/2021,Night,07,800,  3.50 ,  3.67 ,  3.67 ,  3.67 ,,,,,,,,,4
5/27/21 22:44,38.9226125,1.4611747,18.56,1017,20,,1.34,4,N/A,3,2,5,5/27/2021,Night,07,819,  3.50 ,  3.67 ,  3.67 ,  3.67 ,,,,,,,,,3
5/28/21 9:36,38.9226074,1.4611755,19.2,1016,20,,2.24,4,N/A,4,4,6,5/28/2021,Morning,07,819,  4.00 ,  3.80 ,  3.80 ,  3.80 ,,,,,,,,,4
5/28/21 12:06,38.9226049,1.4611755,20.51,1017,20,,4.02,4,3,4,4,6,5/28/2021,Afternoon,07,819,  4.00 ,  3.80 ,  3.80 ,  3.80 ,,,,,,,,,4
5/28/21 13:55,38.9227029,1.4611229,20.43,1016,40,,4.02,4,3,3,3,6,5/28/2021,Afternoon,07,819,  4.00 ,  3.80 ,  3.80 ,  3.80 ,,,,,,,,,3
5/28/21 17:40,38.9226064,1.4611752,20.72,1016,20,,3.13,4,N/A,3,2,6,5/28/2021,Afternoon,07,819,  4.00 ,  3.80 ,  3.80 ,  3.80 ,,,,,,,,,4
5/28/21 20:16,38.8977559,1.3010457,19.41,1016,20,,2.57,3,N/A,4,4,6,5/28/2021,Night,07,830,  4.00 ,  3.80 ,  3.80 ,  3.80 ,,,,,,,,,4
5/28/21 22:45,38.9106655,1.4255145,18.69,1018,0,,0.89,3,N/A,3,3,6,5/28/2021,Night,07,800,  4.00 ,  3.80 ,  3.80 ,  3.80 ,,,,,,,,,4
5/29/21 17:06,38.9226073,1.4611702,22.46,1018,0,,2.24,2,N/A,3,3,7,5/29/2021,Afternoon,07,819,  3.83 ,  3.78 ,  3.78 ,  3.78 ,,,,,,,,,3
5/29/21 20:01,38.9858459,1.5351133,21.58,1018,0,,2.76,4,N/A,3,3,7,5/29/2021,Night,07,840,  3.83 ,  3.78 ,  3.78 ,  3.78 ,,,,,,,,,4
5/29/21 21:55,38.9855684,1.5346693,20.93,1019,0,,2.38,4,N/A,3,4,7,5/29/2021,Night,07,840,  3.83 ,  3.78 ,  3.78 ,  3.78 ,,,,,,,,,4
5/30/21 11:58,38.9226279,1.4611604,22.9,1018,0,,1.79,4,N/A,3,5,1,5/30/2021,Morning,07,819,  3.67 ,  3.87 ,  3.87 ,  3.87 ,,,,,,,,,4
5/30/21 13:51,38.922635,1.4612065,22.88,1018,0,,2.68,4,N/A,3,4,1,5/30/2021,Afternoon,07,819,  3.67 ,  3.87 ,  3.87 ,  3.87 ,,,,,,,,,4
5/30/21 15:33,39.0998913,1.5025921,22.79,1017,100,,4.39,5,N/A,4,4,1,5/30/2021,Afternoon,07,810,  3.67 ,  3.87 ,  3.87 ,  3.87 ,,,,,,,,,4
5/30/21 17:46,39.0998837,1.5025996,22.79,1017,100,,4.39,5,N/A,4,4,1,5/30/2021,Afternoon,07,810,  3.67 ,  3.87 ,  3.87 ,  3.87 ,,,,,,,,,5
5/30/21 21:53,38.9593967,1.217901,21.27,1016,0,,2.68,5,N/A,4,4,1,5/30/2021,Night,07,829,  3.67 ,  3.87 ,  3.87 ,  3.87 ,,,,,,,,,5
5/30/21 23:33,38.922608,1.4611735,19.64,1018,0,,0.89,3,N/A,4,3,1,5/30/2021,Night,07,819,  3.67 ,  3.87 ,  3.87 ,  3.87 ,,,,,,,,,4
5/31/21 9:27,38.9227101,1.4610859,21.38,1016,0,,0.89,4,N/A,3,2,2,5/31/2021,Morning,07,819,  4.33 ,  4.00 ,  4.00 ,  4.00 ,,,,,,,,,4
5/31/21 11:16,38.9226067,1.4611786,23.12,1016,0,,1.34,4,3,3,3,2,5/31/2021,Morning,07,819,  4.33 ,  4.00 ,  4.00 ,  4.00 ,,,,,,,,,4
5/31/21 13:12,38.9226067,1.4611786,22.68,1016,0,,1.34,4,3,3,3,2,5/31/2021,Afternoon,07,819,  4.33 ,  4.00 ,  4.00 ,  4.00 ,,,,,,,,,4
5/31/21 16:06,38.9226065,1.4611701,23.12,1015,0,,3.13,4,N/A,3,4,2,5/31/2021,Afternoon,07,819,  4.33 ,  4.00 ,  4.00 ,  4.00 ,,,,,,,,,4
5/31/21 18:45,38.9226314,1.4611705,21.6,1014,0,,2.68,4,N/A,3,3,2,5/31/2021,Afternoon,07,819,  4.33 ,  4.00 ,  4.00 ,  4.00 ,,,,,,,,,4
5/31/21 20:31,38.9106953,1.4332742,21.12,1014,20,,1.79,4,N/A,3,4,2,5/31/2021,Night,07,800,  4.33 ,  4.00 ,  4.00 ,  4.00 ,,,,,,,,,4
6/1/21 0:08,38.9226194,1.4611673,20.51,1014,20,,3.09,4,N/A,3,2,3,6/1/2021,Night,07,819,  4.00 ,  4.07 ,  4.07 ,  4.07 ,,,,,,,,,4
6/1/21 9:45,38.9226056,1.4611738,20.94,1011,0,,3.58,3,3,3,2,3,6/1/2021,Morning,07,819,  4.00 ,  4.07 ,  4.07 ,  4.07 ,,,,,,,,,3
6/1/21 12:12,38.9226112,1.4611767,21.6,1011,0,,3.58,3,3,3,2,3,6/1/2021,Afternoon,07,819,  4.00 ,  4.07 ,  4.07 ,  4.07 ,,,,,,,,,3
6/1/21 16:20,38.9226071,1.4611737,23.77,1009,20,,2.68,3,2,3,2,3,6/1/2021,Afternoon,07,819,  4.00 ,  4.07 ,  4.07 ,  4.07 ,,,,,,,,,3
6/1/21 18:55,38.9226091,1.4611741,22.03,1009,20,,4.02,3,N/A,3,2,3,6/1/2021,Afternoon,07,819,  4.00 ,  4.07 ,  4.07 ,  4.07 ,,,,,,,,,3
6/2/21 9:05,38.9226275,1.4611608,21.38,1014,40,,0.89,2,N/A,3,1,4,6/2/2021,Morning,07,819,  3.20 ,  3.88 ,  3.88 ,  3.88 ,,,,,,,,,2
6/2/21 10:58,38.922606,1.4611734,22.03,1014,40,,2.68,1,2,3,1,4,6/2/2021,Morning,07,819,  3.20 ,  3.88 ,  3.88 ,  3.88 ,,,,,,,,,2
6/2/21 14:46,38.9226174,1.4611706,22.03,1014,75,,3.13,1,2,3,2,4,6/2/2021,Afternoon,07,819,  3.20 ,  3.88 ,  3.88 ,  3.88 ,,,,,,,,,3
6/2/21 18:00,38.9226088,1.4611737,22.47,1014,90,,2.24,1,3,3,2,4,6/2/2021,Afternoon,07,819,  3.20 ,  3.88 ,  3.88 ,  3.88 ,,,,,,,,,2
6/3/21 1:36,38.9709342,1.2839805,20.75,1017,90,,3.13,3,N/A,3,2,5,6/3/2021,Night,07,830,  2.25 ,  3.27 ,  3.27 ,  3.27 ,,,,,,,,,3
6/3/21 9:16,38.9709085,1.2840098,22.14,1018,75,,1.79,3,N/A,3,2,5,6/3/2021,Morning,07,830,  2.25 ,  3.27 ,  3.27 ,  3.27 ,,,,,,,,,4
6/3/21 10:57,38.9709194,1.2840179,23.52,1019,75,,4.02,3,3,3,2,5,6/3/2021,Morning,07,830,  2.25 ,  3.27 ,  3.27 ,  3.27 ,,,,,,,,,3
6/3/21 13:11,38.9709393,1.283969,25.19,1019,40,,3.58,4,4,3,3,5,6/3/2021,Afternoon,07,830,  2.25 ,  3.27 ,  3.27 ,  3.27 ,,,,,,,,,4
6/3/21 15:00,38.9710093,1.2839387,25.19,1019,40,,4.02,4,3,3,4,5,6/3/2021,Afternoon,07,830,  2.25 ,  3.27 ,  3.27 ,  3.27 ,,,,,,,,,4
6/3/21 18:36,38.9709937,1.283869,24.08,1017,40,,3.58,4,N/A,3,4,5,6/3/2021,Afternoon,07,830,  2.25 ,  3.27 ,  3.27 ,  3.27 ,,,,,,,,,4
6/3/21 20:25,38.968322,1.3021217,22.96,1017,40,,3.13,4,3,4,3,5,6/3/2021,Night,07,829,  2.25 ,  3.27 ,  3.27 ,  3.27 ,,,,,,,,,4
6/4/21 10:13,38.9226048,1.4611713,22.03,1020,75,,0.89,3,3,3,2,6,6/4/2021,Morning,07,819,  3.71 ,  3.19 ,  3.19 ,  3.19 ,,,,,,,,,3
6/4/21 12:46,38.9227188,1.461096,22.03,1022,75,,3.58,3,3,3,2,6,6/4/2021,Afternoon,07,819,  3.71 ,  3.19 ,  3.19 ,  3.19 ,,,,,,,,,3
6/4/21 14:33,38.9226564,1.4611394,22.47,1020,75,,1.79,4,3,3,3,6,6/4/2021,Afternoon,07,819,  3.71 ,  3.19 ,  3.19 ,  3.19 ,,,,,,,,,4
6/4/21 16:52,38.9226255,1.4611611,22.03,1020,75,,0.89,4,N/A,3,3,6,6/4/2021,Afternoon,07,819,  3.71 ,  3.19 ,  3.19 ,  3.19 ,,,,,,,,,3
6/4/21 21:10,38.9985237,1.4286675,20.78,1019,20,,0.45,4,N/A,3,3,6,6/4/2021,Night,07,814,  3.71 ,  3.19 ,  3.19 ,  3.19 ,,,,,,,,,4
6/5/21 2:51,38.9089829,1.441051,20.47,1020,75,,0.45,4,N/A,3,3,7,6/5/2021,Night,07,800,  3.40 ,  3.25 ,  3.25 ,  3.25 ,,,,,,,,,4
6/5/21 14:39,38.922608,1.4611749,21.38,1021,75,,1.79,4,N/A,3,4,7,6/5/2021,Afternoon,07,819,  3.40 ,  3.25 ,  3.25 ,  3.25 ,,,,,,,,,4
6/5/21 18:22,38.9226056,1.4611777,21.16,1018,75,,3.13,4,N/A,3,4,7,6/5/2021,Afternoon,07,819,  3.40 ,  3.25 ,  3.25 ,  3.25 ,,,,,,,,,4
6/5/21 20:23,38.9226116,1.4611659,20.51,1019,75,,1.34,4,N/A,3,5,7,6/5/2021,Night,07,819,  3.40 ,  3.25 ,  3.25 ,  3.25 ,,,,,,,,,4
6/5/21 23:02,38.9226071,1.4611727,20.3,1021,75,,1.03,3,N/A,3,4,7,6/5/2021,Night,07,819,  3.40 ,  3.25 ,  3.25 ,  3.25 ,,,,,,,,,4
6/6/21 1:46,38.9128951,1.4491888,19.37,1020,20,,0.89,4,N/A,3,4,1,6/6/2021,Night,07,800,  4.00 ,  3.71 ,  3.71 ,  3.71 ,,,,,,,,,5
6/6/21 14:58,38.9225999,1.4611656,21.81,1020,75,,3.13,4,N/A,3,4,1,6/6/2021,Afternoon,07,819,  4.00 ,  3.71 ,  3.71 ,  3.71 ,,,,,,,,,4
6/6/21 17:16,38.9226102,1.4611712,21.81,1020,75,,2.68,4,N/A,3,4,1,6/6/2021,Afternoon,07,819,  4.00 ,  3.71 ,  3.71 ,  3.71 ,,,,,,,,,4
6/6/21 19:56,39.0279896,1.5577009,21.41,1020,25,,2.37,4,N/A,3,5,1,6/6/2021,Night,07,850,  4.00 ,  3.71 ,  3.71 ,  3.71 ,,,,,,,,,4
6/7/21 9:30,38.9227138,1.4610986,21.6,1021,40,,1.34,2,N/A,3,1,2,6/7/2021,Morning,07,819,  4.25 ,  3.86 ,  3.86 ,  3.86 ,,,,,,,,,2
6/7/21 12:07,38.9226282,1.4612019,22.68,1021,20,,2.24,2,3,3,1,2,6/7/2021,Afternoon,07,819,  4.25 ,  3.86 ,  3.86 ,  3.86 ,,,,,,,,,2
6/7/21 16:25,38.9226222,1.4611692,23.33,1020,0,,3.13,4,3,3,3,2,6/7/2021,Afternoon,07,819,  4.25 ,  3.86 ,  3.86 ,  3.86 ,,,,,,,,,4
6/7/21 22:35,38.9867187,1.535484,21.08,1019,0,,2.64,5,1,3,4,2,6/7/2021,Night,07,849,  4.25 ,  3.86 ,  3.86 ,  3.86 ,,,,,,,,,5
6/8/21 8:13,38.9134431,1.4229421,21.07,1020,20,,0.89,5,2,3,2,3,6/8/2021,Morning,07,800,  3.25 ,  3.85 ,  3.85 ,  3.85 ,,,,,,,,,5
6/8/21 10:00,38.9226072,1.4611737,22.03,1020,75,,3.13,4,3,3,2,3,6/8/2021,Morning,07,819,  3.25 ,  3.85 ,  3.85 ,  3.85 ,,,,,,,,,4
6/8/21 11:53,38.9226096,1.4611735,23.12,1020,0,,2.68,5,3,3,2,3,6/8/2021,Morning,07,819,  3.25 ,  3.85 ,  3.85 ,  3.85 ,,,,,,,,,4
6/8/21 18:53,38.8758376,1.3690466,23.8,1019,0,,2.57,5,2,3,3,3,6/8/2021,Afternoon,07,818,  3.25 ,  3.85 ,  3.85 ,  3.85 ,,,,,,,,,5
6/8/21 20:59,40.4536789,-3.858331,29.83,1015,20,,3.32,5,N/A,3,2,3,6/8/2021,Night,28,222,  3.25 ,  3.85 ,  3.85 ,  3.85 ,,,,,,,,,5
6/8/21 23:10,40.4590053,-3.8611259,26.98,1017,0,,1.94,5,N/A,3,2,3,6/8/2021,Night,28,221,  3.25 ,  3.85 ,  3.85 ,  3.85 ,,,,,,,,,4
6/9/21 9:18,40.4789303,-3.8588798,22.84,1019,0,,1.76,4,N/A,3,1,4,6/9/2021,Morning,28,221,  4.50 ,  4.07 ,  4.07 ,  4.07 ,,,,,,,,,2
09/06/2021 11:08,40.4789401,-3.85882,25.75,1020,0,,1.86,5,3,3,2,2,9/6/2021,Morning,28,221,#DIV/0!,#DIV/0!,#DIV/0!,#DIV/0!,,,,,,,,,3
09/06/2021 13:45,40.4789351,-3.8588548,30.91,1019,0,,3.43,4,3,3,2,2,9/6/2021,Afternoon,28,221,#DIV/0!,#DIV/0!,#DIV/0!,#DIV/0!,,,,,,,,,4
09/06/2021 15:35,40.4789391,-3.8588227,32.5,1017,0,,5.12,4,3,3,2,2,9/6/2021,Afternoon,28,221,#DIV/0!,#DIV/0!,#DIV/0!,#DIV/0!,,,,,,,,,3
09/06/2021 17:33,40.4789362,-3.8588411,33.09,1016,20,,4.26,4,3,3,3,2,9/6/2021,Afternoon,28,221,#DIV/0!,#DIV/0!,#DIV/0!,#DIV/0!,,,,,,,,,4
09/06/2021 19:32,40.4789294,-3.8588761,32.54,1016,0,,4.38,4,3,3,3,2,9/6/2021,Night,28,221,#DIV/0!,#DIV/0!,#DIV/0!,#DIV/0!,,,,,,,,,4
09/06/2021 21:38,40.4920691,-3.6966511,30.4,1018,20,,2.24,4,N/A,3,2,2,9/6/2021,Night,28,034,#DIV/0!,#DIV/0!,#DIV/0!,#DIV/0!,,,,,,,,,4
09/06/2021 23:38,40.4919605,-3.6965355,25.75,1019,20,,1.34,4,N/A,3,2,2,9/6/2021,Night,28,034,#DIV/0!,#DIV/0!,#DIV/0!,#DIV/0!,,,,,,,,,4
10/06/2021 08:34,40.4920512,-3.6966279,21.32,1009,0,,1.34,4,N/A,3,2,4,10/6/2021,Morning,28,034,#DIV/0!,#DIV/0!,#DIV/0!,#DIV/0!,,,,,,,,,3
10/06/2021 10:32,40.4920406,-3.6965937,24.25,1020,0,,1.34,4,3,3,3,4,10/6/2021,Morning,28,034,#DIV/0!,#DIV/0!,#DIV/0!,#DIV/0!,,,,,,,,,4
10/06/2021 12:15,40.4920316,-3.6966055,26.54,1020,0,,2.24,3,N/A,3,2,4,10/6/2021,Afternoon,28,034,#DIV/0!,#DIV/0!,#DIV/0!,#DIV/0!,,,,,,,,,3
10/06/2021 14:39,40.4920777,-3.6966421,30.98,1019,0,,0.89,4,3,3,4,4,10/6/2021,Afternoon,28,034,#DIV/0!,#DIV/0!,#DIV/0!,#DIV/0!,,,,,,,,,4
10/06/2021 17:17,40.4920345,-3.6965951,32.87,1016,20,,0.89,4,3,3,2,4,10/6/2021,Afternoon,28,034,#DIV/0!,#DIV/0!,#DIV/0!,#DIV/0!,,,,,,,,,3
10/06/2021 18:59,40.49202,-3.6965915,32.82,1015,20,,3.13,4,N/A,2,4,4,10/6/2021,Afternoon,28,034,#DIV/0!,#DIV/0!,#DIV/0!,#DIV/0!,,,,,,,,,3
10/06/2021 21:07,40.4315678,-3.7088233,31.77,1016,0,,3.58,4,N/A,2,4,4,10/6/2021,Night,28,015,#DIV/0!,#DIV/0!,#DIV/0!,#DIV/0!,,,,,,,,,3
10/06/2021 23:15,40.4351283,-3.7075952,26.74,1018,0,,1.79,5,N/A,2,4,4,10/6/2021,Night,28,015,#DIV/0!,#DIV/0!,#DIV/0!,#DIV/0!,,,,,,,,,4
11/06/2021 08:54,40.4920277,-3.69665,21.87,1018,0,,0.89,4,N/A,2,3,7,11/6/2021,Morning,28,034,#DIV/0!,#DIV/0!,#DIV/0!,#DIV/0!,,,,,,,,,3
11/06/2021 11:15,40.4919758,-3.6966024,25.06,1018,0,,0.89,4,3,3,3,7,11/6/2021,Morning,28,034,#DIV/0!,#DIV/0!,#DIV/0!,#DIV/0!,,,,,,,,,4
11/06/2021 14:23,40.4920283,-3.6966578,30.17,1016,0,,3.09,4,N/A,3,4,7,11/6/2021,Afternoon,28,034,#DIV/0!,#DIV/0!,#DIV/0!,#DIV/0!,,,,,,,,,4
11/06/2021 16:18,40.5223855,-3.8863728,31.22,1015,20,,1.03,4,3,3,3,7,11/6/2021,Afternoon,28,034,#DIV/0!,#DIV/0!,#DIV/0!,#DIV/0!,,,,,,,,,3
11/06/2021 18:01,41.8027647,-5.3466928,26.17,1013,4,,11.55,4,N/A,2,3,7,11/6/2021,Afternoon,49,630,#DIV/0!,#DIV/0!,#DIV/0!,#DIV/0!,,,,,,,,,3
11/06/2021 19:47,42.9008798,-7.1886237,16.3,1016,5,,2.94,4,N/A,3,4,7,11/6/2021,Night,27,695,#DIV/0!,#DIV/0!,#DIV/0!,#DIV/0!,,,,,,,,,4
12/06/2021 00:05,43.0099735,-7.5547305,14.31,1026,2,,1.84,4,N/A,4,4,2,12/6/2021,Night,27,001,#DIV/0!,#DIV/0!,#DIV/0!,#DIV/0!,,,,,,,,,4
12/06/2021 02:22,43.0097554,-7.568991,14.31,1025,14,,2.11,4,N/A,3,2,2,12/6/2021,Night,27,004,#DIV/0!,#DIV/0!,#DIV/0!,#DIV/0!,,,,,,,,,4
12/06/2021 04:26,43.0097547,-7.5690156,14.31,1024,39,,2.01,4,N/A,4,2,2,12/6/2021,Night,27,004,#DIV/0!,#DIV/0!,#DIV/0!,#DIV/0!,,,,,,,,,4
12/06/2021 11:25,43.0097526,-7.5690099,21.38,1022,10,,1.79,4,N/A,4,2,2,12/6/2021,Morning,27,004,#DIV/0!,#DIV/0!,#DIV/0!,#DIV/0!,,,,,,,,,4
12/06/2021 13:10,43.1914351,-7.8808338,22.17,1019,3,,2.86,4,N/A,4,2,2,12/6/2021,Afternoon,27,300,#DIV/0!,#DIV/0!,#DIV/0!,#DIV/0!,,,,,,,,,4
13/06/2021 02:53,43.2809624,-8.2214687,18.14,1019,0,,0.45,4,N/A,4,3,#VALUE!,#VALUE!,Night,15,319,  3.91 ,  3.91 ,  3.91 ,  3.91 ,,,,,,,,,4
13/06/2021 19:16,43.2809624,-8.2214687,22.99,1020,20,,4.12,4,N/A,4,2,#VALUE!,#VALUE!,Night,15,319,  3.91 ,  3.91 ,  3.91 ,  3.91 ,,,,,,,,,4
13/06/2021 23:23,43.0102402,-7.5651808,16.61,1021,98,,2.04,4,N/A,4,1,#VALUE!,#VALUE!,Night,27,004,  3.91 ,  3.91 ,  3.91 ,  3.91 ,,,,,,,,,4
14/06/2021 09:40,43.0116708,-7.5709381,16.93,1026,14,,0.56,4,3,4,4,#VALUE!,#VALUE!,Morning,27,004,  3.91 ,  3.91 ,  3.91 ,  3.91 ,,,,,,,,,4
14/06/2021 13:26,43.0067384,-7.5678901,25.89,1026,9,,0.64,4,3,4,2,#VALUE!,#VALUE!,Afternoon,27,004,  3.91 ,  3.91 ,  3.91 ,  3.91 ,,,,,,,,,4
14/06/2021 17:19,43.0072659,-7.5553608,16.1,1021,36,,2.11,4,3,4,2,#VALUE!,#VALUE!,Afternoon,27,004,  3.91 ,  3.91 ,  3.91 ,  3.91 ,,,,,,,,,4
14/06/2021 19:07,42.5541693,-6.601532,20.97,1020,80,,2.66,4,2,2,2,#VALUE!,#VALUE!,Night,24,400,  3.91 ,  3.91 ,  3.91 ,  3.91 ,,,,,,,,,3
14/06/2021 23:34,40.6531312,-4.0495865,23.32,1017,2,,2.19,4,N/A,4,3,#VALUE!,#VALUE!,Night,28,440,  3.91 ,  3.91 ,  3.91 ,  3.91 ,,,,,,,,,4
15/06/2021 02:41,40.4797199,-3.8612355,23.65,1017,0,,3.6,4,2,4,2,#VALUE!,#VALUE!,Night,28,221,  3.91 ,  3.91 ,  3.91 ,  3.91 ,,,,,,,,,4
15/06/2021 10:46,40.4785446,-3.8583725,26.03,1016,0,,2.57,3,3,3,1,#VALUE!,#VALUE!,Morning,28,221,  3.91 ,  3.91 ,  3.91 ,  3.91 ,,,,,,,,,3
15/06/2021 21:21,40.4781315,-3.8612355,29.46,1011,0,,1.34,5,4,3,5,#VALUE!,#VALUE!,Night,28,221,  3.91 ,  3.91 ,  3.91 ,  3.91 ,,,,,,,,,5
6/16/21 9:21,40.4789329,-3.8588645,21.71,1008,79,,2.36,4,3,3,2,4,6/16/2021,Morning,28,221,#DIV/0!,#DIV/0!,#DIV/0!,#DIV/0!,,56,114,  79.5 ,6009,4371,222,156,3
6/16/21 11:20,40.4789315,-3.8588749,24.65,1011,0,,1.54,3,3,3,2,4,6/16/2021,Morning,28,221,#DIV/0!,#DIV/0!,#DIV/0!,#DIV/0!,,56,114,  79.5 ,6009,4371,222,156,3
6/16/21 13:50,40.4789268,-3.858876,27.36,1010,40,,0.45,3,3,3,3,4,6/16/2021,Afternoon,28,221,#DIV/0!,#DIV/0!,#DIV/0!,#DIV/0!,,56,114,  79.5 ,6009,4371,222,156,4
6/16/21 16:11,40.4789456,-3.858784,29.3,1007,40,,3.09,3,3,3,4,4,6/16/2021,Afternoon,28,221,#DIV/0!,#DIV/0!,#DIV/0!,#DIV/0!,,56,114,  79.5 ,6009,4371,222,156,4
6/16/21 18:06,40.4789311,-3.8588729,29.69,1006,40,,3.6,4,3,3,4,4,6/16/2021,Afternoon,28,221,#DIV/0!,#DIV/0!,#DIV/0!,#DIV/0!,,56,114,  79.5 ,6009,4371,222,156,4
6/16/21 19:50,40.4789312,-3.8588766,28.48,1005,17,,3.9,3,N/A,3,4,4,6/16/2021,Night,28,221,#DIV/0!,#DIV/0!,#DIV/0!,#DIV/0!,,56,114,  79.5 ,6009,4371,222,156,4
6/16/21 21:46,40.5066086,-3.6971186,21.99,1009,75,,9.77,2,N/A,3,4,4,6/16/2021,Night,28,034,#DIV/0!,#DIV/0!,#DIV/0!,#DIV/0!,,56,114,  79.5 ,6009,4371,222,156,2
6/16/21 23:42,40.4919518,-3.6965363,19.61,1012,75,,2.57,2,N/A,3,2,4,6/16/2021,Night,28,034,#DIV/0!,#DIV/0!,#DIV/0!,#DIV/0!,,56,114,  79.5 ,6009,4371,222,156,2
6/17/21 8:28,40.4919605,-3.6965422,15.59,1012,90,,3.58,2,N/A,3,2,5,6/17/2021,Morning,28,034,  3.25 ,  3.25 ,  3.25 ,  3.25 ,76,48,111,  73.8 ,2774,1892,127,69,2
6/17/21 10:45,40.4920197,-3.6966532,16.12,1012,75,,2.57,2,4,3,3,5,6/17/2021,Morning,28,034,  3.25 ,  3.25 ,  3.25 ,  3.25 ,76,48,111,  73.8 ,2774,1892,127,69,3
6/17/21 12:38,40.4919466,-3.6965699,16.63,1012,75,,3.09,2,3,3,3,5,6/17/2021,Afternoon,28,034,  3.25 ,  3.25 ,  3.25 ,  3.25 ,76,48,111,  73.8 ,2774,1892,127,69,3
6/17/21 14:32,40.4919981,-3.6966206,16.37,1012,75,,5.66,2,3,2,3,5,6/17/2021,Afternoon,28,034,  3.25 ,  3.25 ,  3.25 ,  3.25 ,76,48,111,  73.8 ,2774,1892,127,69,2
6/17/21 16:17,40.492027,-3.6966558,19.08,1012,75,,2.57,2,3,2,3,5,6/17/2021,Afternoon,28,034,  3.25 ,  3.25 ,  3.25 ,  3.25 ,76,48,111,  73.8 ,2774,1892,127,69,2
6/17/21 18:18,40.4354629,-3.6561479,21.36,1000,40,,1.34,2,3,2,4,5,6/17/2021,Afternoon,28,027,  3.25 ,  3.25 ,  3.25 ,  3.25 ,76,48,111,  73.8 ,2774,1892,127,69,2
6/17/21 20:04,40.4414153,-3.6545651,20.33,1011,75,,1.79,2,N/A,3,3,5,6/17/2021,Night,28,027,  3.25 ,  3.25 ,  3.25 ,  3.25 ,76,48,111,  73.8 ,2774,1892,127,69,3
6/17/21 22:21,40.4414466,-3.6545585,18.59,1012,0,,0.89,2,N/A,2,2,5,6/17/2021,Night,28,027,  3.25 ,  3.25 ,  3.25 ,  3.25 ,76,48,111,  73.8 ,2774,1892,127,69,3
6/18/21 1:15,40.4789247,-3.858875,16.46,1012,0,,0.45,3,N/A,2,3,6,6/18/2021,Night,28,221,  2.50 ,  2.88 ,  2.88 ,  2.88 ,76,48,111,  73.8 ,2774,1892,127,69,4
6/18/21 13:07,40.478928,-3.8588474,20.66,1013,40,,3.09,4,4,2,3,6,6/18/2021,Afternoon,28,221,  2.50 ,  2.88 ,  2.88 ,  2.88 ,462,44,108,  61.7 ,2767,2018,150,71,4
6/18/21 16:39,40.4789428,-3.8588015,21.51,1011,75,,3.6,4,3,2,4,6,6/18/2021,Afternoon,28,221,  2.50 ,  2.88 ,  2.88 ,  2.88 ,462,44,108,  61.7 ,2767,2018,150,71,4
6/18/21 19:04,40.4789202,-3.8588753,21.47,1011,20,,8.23,4,3,2,4,6,6/18/2021,Night,28,221,  2.50 ,  2.88 ,  2.88 ,  2.88 ,462,44,108,  61.7 ,2767,2018,150,71,4
6/19/21 15:34,40.478934,-3.8588322,22.44,1014,20,,1.34,4,N/A,2,3,7,6/19/2021,Afternoon,28,221,  4.00 ,  3.10 ,  3.10 ,  3.10 ,450,48,114,  79.0 ,4687,3238,442,111,4
6/19/21 20:57,40.6980366,-3.933515,20.7,1015,40,,0.45,4,N/A,2,4,7,6/19/2021,Night,28,412,  4.00 ,  3.10 ,  3.10 ,  3.10 ,450,48,114,  79.0 ,4687,3238,442,111,5
6/19/21 23:57,40.7594206,-3.4642778,18.25,1015,8,,1.58,5,N/A,2,3,7,6/19/2021,Night,28,170,  4.00 ,  3.10 ,  3.10 ,  3.10 ,450,48,114,  79.0 ,4687,3238,442,111,4
6/20/21 13:43,40.7599402,-3.4643998,17.38,1013,31,,3.13,4,N/A,2,3,1,6/20/2021,Afternoon,28,170,  4.33 ,  3.27 ,  3.27 ,  3.27 ,450,51,113,  80.7 ,3711,2554,266,93,4
6/20/21 15:50,40.8661804,-3.4932971,17.92,1011,100,,6.38,5,N/A,2,4,1,6/20/2021,Afternoon,28,189,  4.33 ,  3.27 ,  3.27 ,  3.27 ,450,51,113,  80.7 ,3711,2554,266,93,4
6/20/21 17:51,40.8660305,-3.4932391,17.86,1011,83,,0.89,5,N/A,2,5,1,6/20/2021,Afternoon,28,189,  4.33 ,  3.27 ,  3.27 ,  3.27 ,450,51,113,  80.7 ,3711,2554,266,93,5
6/20/21 20:30,40.6514683,-3.5103174,18.32,1012,75,,2.68,5,N/A,2,4,1,6/20/2021,Night,28,140,  4.33 ,  3.27 ,  3.27 ,  3.27 ,450,51,113,  80.7 ,3711,2554,266,93,5
6/20/21 23:48,40.4789254,-3.8588672,16,1011,75,,2.06,4,N/A,2,2,1,6/20/2021,Night,28,221,  4.33 ,  3.27 ,  3.27 ,  3.27 ,450,51,113,  80.7 ,3711,2554,266,93,4
6/21/21 9:32,40.4789221,-3.8588625,13.4,1012,0,,1.79,5,3,2,2,2,6/21/2021,Morning,28,221,  4.40 ,  4.25 ,  4.25 ,  4.25 ,467,48,109,  68.3 ,2268,1575,213,62,4
6/21/21 11:15,40.4789447,-3.8587688,16.28,1012,20,,2.24,5,3,2,3,2,6/21/2021,Morning,28,221,  4.40 ,  4.25 ,  4.25 ,  4.25 ,467,48,109,  68.3 ,2268,1575,213,62,4
6/21/21 12:58,40.4789184,-3.8588802,18.31,1012,20,,2.68,4,3,2,3,2,6/21/2021,Afternoon,28,221,  4.40 ,  4.25 ,  4.25 ,  4.25 ,467,48,109,  68.3 ,2268,1575,213,62,4
6/21/21 15:38,40.4789209,-3.8588733,20.32,1011,40,,2.68,4,3,2,4,2,6/21/2021,Afternoon,28,221,  4.40 ,  4.25 ,  4.25 ,  4.25 ,467,48,109,  68.3 ,2268,1575,213,62,5
6/21/21 21:24,40.4789212,-3.8588626,19.84,1012,0,,0.89,4,N/A,2,3,2,6/21/2021,Night,28,221,  4.40 ,  4.25 ,  4.25 ,  4.25 ,467,48,109,  68.3 ,2268,1575,213,62,4
6/22/21 0:20,40.4789244,-3.8588703,16.75,1014,0,,1.79,4,N/A,2,3,3,6/22/2021,Night,28,221,  4.20 ,  4.31 ,  4.31 ,  4.31 ,467,48,109,  68.3 ,2268,1575,213,62,4
6/22/21 8:43,40.4789185,-3.8588693,16.25,1014,20,,0.89,4,N/A,2,2,3,6/22/2021,Morning,28,221,  4.20 ,  4.31 ,  4.31 ,  4.31 ,365,46,114,  72.8 ,3967,2756,387,107,3
6/22/21 10:56,40.4789267,-3.8588516,18.3,1014,0,,2.06,4,3,2,3,3,6/22/2021,Morning,28,221,  4.20 ,  4.31 ,  4.31 ,  4.31 ,365,46,114,  72.8 ,3967,2756,387,107,4
6/22/21 13:51,40.4789403,-3.8588059,20.14,1015,40,,2.57,4,N/A,2,4,3,6/22/2021,Afternoon,28,221,  4.20 ,  4.31 ,  4.31 ,  4.31 ,365,46,114,  72.8 ,3967,2756,387,107,4
6/22/21 16:12,40.4789268,-3.8588378,20.34,1015,75,,2.57,5,4,2,2,3,6/22/2021,Afternoon,28,221,  4.20 ,  4.31 ,  4.31 ,  4.31 ,365,46,114,  72.8 ,3967,2756,387,107,4
6/22/21 18:27,40.4789228,-3.8588664,19.52,1016,40,,2.06,5,3,2,3,3,6/22/2021,Afternoon,28,221,  4.20 ,  4.31 ,  4.31 ,  4.31 ,365,46,114,  72.8 ,3967,2756,387,107,5
6/22/21 20:21,40.4235953,-3.700272,16.47,1003,40,,3.58,4,3,3,4,3,6/22/2021,Night,28,004,  4.20 ,  4.31 ,  4.31 ,  4.31 ,365,46,114,  72.8 ,3967,2756,387,107,4
6/22/21 22:02,40.4236315,-3.700232,15.81,1018,20,,2.24,5,N/A,4,4,3,6/22/2021,Night,28,004,  4.20 ,  4.31 ,  4.31 ,  4.31 ,365,46,114,  72.8 ,3967,2756,387,107,4
6/23/21 0:56,40.4236054,-3.7002368,15.14,1018,0,,3.13,4,N/A,4,3,4,6/23/2021,Night,28,004,  4.00 ,  4.17 ,  4.17 ,  4.17 ,365,46,114,  72.8 ,3967,2756,387,107,4
6/23/21 9:31,40.4789191,-3.858876,15.88,1018,0,,1.79,3,3,4,2,4,6/23/2021,Morning,28,221,  4.00 ,  4.17 ,  4.17 ,  4.17 ,196,48,125,  80.1 ,8403,5878,724,200,4
6/23/21 15:32,40.4789212,-3.8588705,21.64,1017,40,,1.34,5,2,4,1,4,6/23/2021,Afternoon,28,221,  4.00 ,  4.17 ,  4.17 ,  4.17 ,196,48,125,  80.1 ,8403,5878,724,200,4
6/23/21 17:30,40.4789271,-3.8588492,22.88,1016,20,,1.79,4,3,4,2,4,6/23/2021,Afternoon,28,221,  4.00 ,  4.17 ,  4.17 ,  4.17 ,196,48,125,  80.1 ,8403,5878,724,200,4
6/23/21 19:29,40.4659198,-3.5693479,23.09,1017,20,,1.54,5,N/A,4,2,4,6/23/2021,Night,28,042,  4.00 ,  4.17 ,  4.17 ,  4.17 ,196,48,125,  80.1 ,8403,5878,724,200,4
6/23/21 21:30,40.4917563,-3.5855403,21.84,1018,20,,3.09,5,N/A,3,1,4,6/23/2021,Night,28,042,  4.00 ,  4.17 ,  4.17 ,  4.17 ,196,48,125,  80.1 ,8403,5878,724,200,4
6/24/21 3:03,38.9226117,1.4611582,20.3,1018,0,,3.13,5,N/A,3,1,5,6/24/2021,Night,07,819,  4.00 ,  4.05 ,  4.05 ,  4.05 ,196,48,125,  80.1 ,8403,5878,724,200,4
6/24/21 9:45,38.9226157,1.461163,23.77,1019,0,,6.71,5,3,3,1,5,6/24/2021,Morning,07,819,  4.00 ,  4.05 ,  4.05 ,  4.05 ,347,46,104,  75.4 ,4625,3202,317,116,4
6/24/21 14:05,38.9227884,1.4610347,24.86,1020,0,,6.26,5,3,3,2,5,6/24/2021,Afternoon,07,819,  4.00 ,  4.05 ,  4.05 ,  4.05 ,347,46,104,  75.4 ,4625,3202,317,116,5
6/24/21 16:08,38.9226068,1.4611622,24.86,1019,0,,4.47,5,2,3,2,5,6/24/2021,Afternoon,07,819,  4.00 ,  4.05 ,  4.05 ,  4.05 ,347,46,104,  75.4 ,4625,3202,317,116,5
6/24/21 17:53,38.9226093,1.4611738,25.3,1019,0,,3.13,5,3,3,2,5,6/24/2021,Afternoon,07,819,  4.00 ,  4.05 ,  4.05 ,  4.05 ,347,46,104,  75.4 ,4625,3202,317,116,4
6/24/21 19:46,38.9226072,1.461173,24.64,1018,0,,3.58,5,N/A,3,2,5,6/24/2021,Night,07,819,  4.00 ,  4.05 ,  4.05 ,  4.05 ,347,46,104,  75.4 ,4625,3202,317,116,4
6/24/21 22:09,38.9134927,1.4517988,23.29,1019,0,,2.24,5,N/A,3,2,5,6/24/2021,Night,07,819,  4.00 ,  4.05 ,  4.05 ,  4.05 ,347,46,104,  75.4 ,4625,3202,317,116,5
6/25/21 11:08,38.9225985,1.4611668,23.98,1020,20,,3.58,2,3,3,3,6,6/25/2021,Morning,07,819,  4.43 ,  4.14 ,  4.14 ,  4.14 ,515,47,112,  69.8 ,5105,3570,273,122,3
6/25/21 13:15,38.9226148,1.4611657,24.86,1020,20,,4.02,3,3,3,3,6,6/25/2021,Afternoon,07,819,  4.43 ,  4.14 ,  4.14 ,  4.14 ,515,47,112,  69.8 ,5105,3570,273,122,4
6/25/21 16:23,39.054112,1.4373112,25.09,1019,6,,3.49,3,N/A,3,2,6,6/25/2021,Afternoon,07,815,  4.43 ,  4.14 ,  4.14 ,  4.14 ,515,47,112,  69.8 ,5105,3570,273,122,4
6/25/21 18:18,39.0903001,1.4540906,25.12,1018,6,,4.31,4,N/A,3,4,6,6/25/2021,Afternoon,07,810,  4.43 ,  4.14 ,  4.14 ,  4.14 ,515,47,112,  69.8 ,5105,3570,273,122,4
6/26/21 10:36,38.9228019,1.4613756,24.64,1016,20,,3.13,1,N/A,3,1,7,6/26/2021,Morning,07,800,  3.75 ,  4.12 ,  4.12 ,  4.12 ,330,50,114,  77.8 ,5055,3536,246,117,1
6/26/21 14:12,39.0981433,1.4976782,25.18,1017,1,,4.67,2,N/A,2,2,7,6/26/2021,Afternoon,07,810,  3.75 ,  4.12 ,  4.12 ,  4.12 ,330,50,114,  77.8 ,5055,3536,246,117,2
6/26/21 16:16,39.0076117,1.5813155,25.09,1016,0,,4.5,1,N/A,2,2,7,6/26/2021,Afternoon,07,849,  3.75 ,  4.12 ,  4.12 ,  4.12 ,330,50,114,  77.8 ,5055,3536,246,117,2
6/26/21 21:38,38.92269,1.4610808,23.33,1014,0,,2.24,3,N/A,3,2,7,6/26/2021,Night,07,819,  3.75 ,  4.12 ,  4.12 ,  4.12 ,330,50,114,  77.8 ,5055,3536,246,117,3
6/27/21 9:43,38.9226183,1.4611626,23.77,1013,40,,1.34,1,N/A,2,2,1,6/27/2021,Morning,07,819,  2.00 ,  3.60 ,  3.60 ,  3.60 ,379,48,112,  68.1 ,4282,2982,290,105,2
6/27/21 14:26,38.9105288,1.4343423,25.71,1013,20,,4.47,2,N/A,2,3,1,6/27/2021,Afternoon,07,800,  2.00 ,  3.60 ,  3.60 ,  3.60 ,379,48,112,  68.1 ,4282,2982,290,105,3
6/28/21 10:12,38.9226063,1.4611649,24.2,1013,75,,4.92,4,N/A,3,1,2,6/28/2021,Morning,07,819,  2.50 ,  2.80 ,  2.80 ,  2.80 ,372,48,108,  73.8 ,3132,2144,247,76,3
6/28/21 11:55,38.9226064,1.4611755,25.51,1012,20,,4.02,4,3,3,1,2,6/28/2021,Morning,07,819,  2.50 ,  2.80 ,  2.80 ,  2.80 ,372,48,108,  73.8 ,3132,2144,247,76,4
6/28/21 15:46,38.9226155,1.4611633,26.6,1012,20,,4.47,4,N/A,3,1,2,6/28/2021,Afternoon,07,819,  2.50 ,  2.80 ,  2.80 ,  2.80 ,372,48,108,  73.8 ,3132,2144,247,76,3
6/28/21 17:29,38.9226053,1.4611673,26.82,1012,20,,2.68,4,N/A,3,1,2,6/28/2021,Afternoon,07,819,  2.50 ,  2.80 ,  2.80 ,  2.80 ,372,48,108,  73.8 ,3132,2144,247,76,3
6/28/21 19:11,38.9226125,1.4611673,26.25,1012,0,,3.13,4,3,2,2,2,6/28/2021,Night,07,819,  2.50 ,  2.80 ,  2.80 ,  2.80 ,372,48,108,  73.8 ,3132,2144,247,76,3
6/28/21 22:09,38.9223337,1.4339915,23.77,1013,0,,2.68,4,N/A,2,2,2,6/28/2021,Night,07,813,  2.50 ,  2.80 ,  2.80 ,  2.80 ,372,48,108,  73.8 ,3132,2144,247,76,3
6/29/21 0:10,38.9226156,1.4611601,22.79,1014,20,,0.45,4,3,3,2,3,6/29/2021,Night,07,819,  3.17 ,  2.67 ,  2.67 ,  2.67 ,372,48,108,  73.8 ,3132,2144,247,76,4
6/29/21 15:19,38.9226118,1.4611708,25.95,1015,20,,3.13,3,3,3,3,3,6/29/2021,Afternoon,07,819,  3.17 ,  2.67 ,  2.67 ,  2.67 ,421,46,124,  71.4 ,4772,3327,320,124,4
6/29/21 17:44,38.922608,1.4611681,26,1014,20,,3.13,4,3,3,3,3,6/29/2021,Afternoon,07,819,  3.17 ,  2.67 ,  2.67 ,  2.67 ,421,46,124,  71.4 ,4772,3327,320,124,4
6/29/21 22:38,38.9694095,1.3034097,24.46,1016,20,,3.13,4,N/A,3,2,3,6/29/2021,Night,07,819,  3.17 ,  2.67 ,  2.67 ,  2.67 ,421,46,124,  71.4 ,4772,3327,320,124,3
6/30/21 0:32,38.9676978,1.2970107,23.47,1017,20,,0.89,2,2,2,4,4,6/30/2021,Night,07,829,  3.75 ,  3.25 ,  3.25 ,  3.25 ,421,46,124,  71.4 ,4772,3327,320,124,5
6/30/21 9:11,38.9226328,1.461155,23.99,1017,75,,4.63,4,N/A,3,1,4,6/30/2021,Morning,07,819,  3.75 ,  3.25 ,  3.25 ,  3.25 ,432,47,113,  71.8 ,8603,6024,397,205,3
6/30/21 12:01,38.9226223,1.4611599,25.24,1017,40,,4.02,4,3,3,2,4,6/30/2021,Afternoon,07,819,  3.75 ,  3.25 ,  3.25 ,  3.25 ,432,47,113,  71.8 ,8603,6024,397,205,4
6/30/21 14:17,38.9226223,1.4611599,25.98,1017,20,,2.24,3,3,3,3,4,6/30/2021,Afternoon,07,819,  3.75 ,  3.25 ,  3.25 ,  3.25 ,432,47,113,  71.8 ,8603,6024,397,205,3
6/30/21 16:06,38.9163278,1.4538696,26.37,1016,20,,2.68,4,3,3,2,4,6/30/2021,Afternoon,07,819,  3.75 ,  3.25 ,  3.25 ,  3.25 ,432,47,113,  71.8 ,8603,6024,397,205,4
6/30/21 18:27,38.9227556,1.4610472,25.51,1016,0,,2.68,4,N/A,2,3,4,6/30/2021,Afternoon,07,819,  3.75 ,  3.25 ,  3.25 ,  3.25 ,432,47,113,  71.8 ,8603,6024,397,205,4
6/30/21 21:39,38.9112985,1.4344679,23.95,1016,0,,1.34,4,N/A,3,2,4,6/30/2021,Night,07,800,  3.75 ,  3.25 ,  3.25 ,  3.25 ,432,47,113,  71.8 ,8603,6024,397,205,4
7/1/21 11:52,38.9226131,1.4611683,25.07,1017,20,,2.68,5,3,3,4,5,7/1/2021,Morning,07,819,  3.86 ,  3.59 ,  3.59 ,  3.59 ,507,41,113,  70.3 ,4026,2739,411,107,5
7/1/21 13:32,38.9226131,1.4611683,25.51,1017,0,,2.68,5,3,3,3,5,7/1/2021,Afternoon,07,819,  3.86 ,  3.59 ,  3.59 ,  3.59 ,507,41,113,  70.3 ,4026,2739,411,107,4
7/1/21 17:35,38.9226105,1.4611675,26.23,1016,0,,2.68,5,3,3,2,5,7/1/2021,Afternoon,07,819,  3.86 ,  3.59 ,  3.59 ,  3.59 ,507,41,113,  70.3 ,4026,2739,411,107,4
7/1/21 19:49,38.9296413,1.4514582,25.31,1015,0,,1.34,4,N/A,3,2,5,7/1/2021,Night,07,819,  3.86 ,  3.59 ,  3.59 ,  3.59 ,507,41,113,  70.3 ,4026,2739,411,107,4
7/1/21 21:40,38.9226183,1.4611614,23.89,1015,0,,2.24,5,N/A,3,2,5,7/1/2021,Night,07,819,  3.86 ,  3.59 ,  3.59 ,  3.59 ,507,41,113,  70.3 ,4026,2739,411,107,3
7/2/21 0:05,38.9227395,1.46104,23.25,1016,0,,0.89,4,N/A,3,2,6,7/2/2021,Night,07,819,  4.00 ,  3.88 ,  3.88 ,  3.88 ,507,41,113,  70.3 ,4026,2739,411,107,4
7/2/21 13:45,38.9226196,1.4611569,26.38,1017,40,,3.58,2,2,3,2,6,7/2/2021,Afternoon,07,819,  4.00 ,  3.88 ,  3.88 ,  3.88 ,466,47,115,  67.4 ,1609,1095,150,41,2
7/2/21 15:31,38.9226196,1.4611569,27.11,1016,75,,2.68,2,N/A,3,3,6,7/2/2021,Afternoon,07,819,  4.00 ,  3.88 ,  3.88 ,  3.88 ,466,47,115,  67.4 ,1609,1095,150,41,3
7/2/21 20:04,38.9129851,1.2243537,26.75,1015,0,,2.57,2,N/A,3,3,6,7/2/2021,Night,07,830,  4.00 ,  3.88 ,  3.88 ,  3.88 ,466,47,115,  67.4 ,1609,1095,150,41,2
7/2/21 22:58,38.9273243,1.4511718,24.36,1015,75,,1.34,2,N/A,2,2,6,7/2/2021,Night,07,819,  4.00 ,  3.88 ,  3.88 ,  3.88 ,466,47,115,  67.4 ,1609,1095,150,41,2
7/3/21 8:09,38.9214143,1.4541929,23.98,1014,90,,1.79,1,N/A,2,2,7,7/3/2021,Morning,07,819,  2.60 ,  3.53 ,  3.53 ,  3.53 ,300,53,113,  80.4 ,6221,4283,320,145,2
7/3/21 14:34,38.8840489,1.3865717,26.87,1015,20,,5.14,3,N/A,2,3,7,7/3/2021,Afternoon,07,817,  2.60 ,  3.53 ,  3.53 ,  3.53 ,300,53,113,  80.4 ,6221,4283,320,145,4
7/3/21 17:54,38.9855529,1.2964773,28.06,1013,0,,1.34,2,N/A,3,3,7,7/3/2021,Afternoon,07,816,  2.60 ,  3.53 ,  3.53 ,  3.53 ,300,53,113,  80.4 ,6221,4283,320,145,3
7/3/21 21:02,38.9782933,1.2748111,26.48,1012,0,,1.34,2,N/A,2,4,7,7/3/2021,Night,07,820,  2.60 ,  3.53 ,  3.53 ,  3.53 ,300,53,113,  80.4 ,6221,4283,320,145,2
7/4/21 0:42,38.9855529,1.2964773,23.63,1013,75,,1.34,2,N/A,3,3,1,7/4/2021,Night,07,820,  2.75 ,  3.14 ,  3.14 ,  3.14 ,300,53,113,  80.4 ,6221,4283,320,145,2
7/4/21 16:24,38.9227364,1.4610432,27.79,1012,20,,4.02,3,N/A,2,3,1,7/4/2021,Afternoon,07,819,  2.75 ,  3.14 ,  3.14 ,  3.14 ,475,42,113,  67.0 ,5489,3809,284,130,4
7/4/21 21:41,38.9226035,1.4611692,26.02,1013,0,,0.89,3,N/A,3,4,1,7/4/2021,Night,07,819,  2.75 ,  3.14 ,  3.14 ,  3.14 ,475,42,113,  67.0 ,5489,3809,284,130,4
7/5/21 9:21,38.9226064,1.4611737,24.97,1014,40,,2.24,4,N/A,2,3,2,7/5/2021,Morning,07,819,  3.33 ,  2.83 ,  2.83 ,  2.83 ,475,42,113,  67.0 ,5489,3809,284,130,4
7/5/21 11:05,38.9233494,1.4560056,25.82,1014,75,,2.68,4,3,2,2,2,7/5/2021,Morning,07,819,  3.33 ,  2.83 ,  2.83 ,  2.83 ,314,49,115,  72.4 ,4930,3409,406,126,4
7/5/21 12:49,38.9226063,1.4611714,26.63,1014,20,,2.68,4,2,2,3,2,7/5/2021,Afternoon,07,819,  3.33 ,  2.83 ,  2.83 ,  2.83 ,314,49,115,  72.4 ,4930,3409,406,126,4
7/5/21 15:45,38.9227376,1.4610374,26.81,1012,0,,4.02,4,N/A,2,2,2,7/5/2021,Afternoon,07,819,  3.33 ,  2.83 ,  2.83 ,  2.83 ,314,49,115,  72.4 ,4930,3409,406,126,3
7/5/21 17:42,38.9226116,1.4611697,27.09,1011,20,,2.68,5,N/A,2,2,2,7/5/2021,Afternoon,07,819,  3.33 ,  2.83 ,  2.83 ,  2.83 ,314,49,115,  72.4 ,4930,3409,406,126,4
7/6/21 8:41,38.9273243,1.4511718,25.18,1010,75,,3.13,3,N/A,2,1,3,7/6/2021,Morning,07,819,  3.80 ,  3.33 ,  3.33 ,  3.33 ,314,49,115,  72.4 ,4930,3409,406,126,2
7/6/21 10:26,38.9226164,1.4611679,26.36,1010,40,,4.47,3,N/A,2,2,3,7/6/2021,Morning,07,819,  3.80 ,  3.33 ,  3.33 ,  3.33 ,371,45,127,  69.4 ,2882,1979,241,73,2
7/6/21 13:21,38.9226144,1.4611714,28.52,1010,20,,3.58,3,N/A,2,3,3,7/6/2021,Afternoon,07,819,  3.80 ,  3.33 ,  3.33 ,  3.33 ,371,45,127,  69.4 ,2882,1979,241,73,3
7/6/21 15:46,38.9226066,1.461175,28.99,1009,20,,4.02,4,3,2,3,3,7/6/2021,Afternoon,07,819,  3.80 ,  3.33 ,  3.33 ,  3.33 ,371,45,127,  69.4 ,2882,1979,241,73,3
7/6/21 21:24,38.9855677,1.5346534,26.91,1010,20,,3.09,4,N/A,2,3,3,7/6/2021,Night,07,850,  3.80 ,  3.33 ,  3.33 ,  3.33 ,371,45,127,  69.4 ,2882,1979,241,73,4
7/7/21 8:47,38.9226106,1.4611664,25.6,1012,40,,4.92,5,N/A,3,3,4,7/7/2021,Morning,07,819,  2.80 ,  3.31 ,  3.31 ,  3.31 ,445,46,125,  68.3 ,5389,3761,377,132,4
7/7/21 12:22,38.9226085,1.4611674,27.3,1013,20,,5.36,5,N/A,3,3,4,7/7/2021,Afternoon,07,819,  2.80 ,  3.31 ,  3.31 ,  3.31 ,445,46,125,  68.3 ,5389,3761,377,132,5
7/7/21 14:18,38.9169622,1.4448282,27.18,1014,40,,4.02,5,3,3,3,4,7/7/2021,Afternoon,07,819,  2.80 ,  3.31 ,  3.31 ,  3.31 ,445,46,125,  68.3 ,5389,3761,377,132,4
7/7/21 16:51,38.9226072,1.4611732,28.76,1014,40,,4.12,4,N/A,2,2,4,7/7/2021,Afternoon,07,819,  2.80 ,  3.31 ,  3.31 ,  3.31 ,445,46,125,  68.3 ,5389,3761,377,132,3
7/7/21 19:20,38.9070411,1.4281657,28.18,1014,20,,5.14,5,N/A,2,4,4,7/7/2021,Night,07,800,  2.80 ,  3.31 ,  3.31 ,  3.31 ,445,46,125,  68.3 ,5389,3761,377,132,5
7/7/21 23:17,38.9226091,1.4611672,24.81,1016,0,,1.54,5,N/A,2,3,4,7/7/2021,Night,07,819,  2.80 ,  3.31 ,  3.31 ,  3.31 ,445,46,125,  68.3 ,5389,3761,377,132,5
7/8/21 9:19,38.9226139,1.4611686,25.81,1019,20,,5.66,5,3,2,4,5,7/8/2021,Morning,07,819,  4.33 ,  3.69 ,  3.69 ,  3.69 ,559,43,119,  66.9 ,3136,2134,288,80,5
7/8/21 11:17,38.9226148,1.461168,26.81,1020,20,,6.69,5,N/A,2,2,5,7/8/2021,Morning,07,819,  4.33 ,  3.69 ,  3.69 ,  3.69 ,559,43,119,  66.9 ,3136,2134,288,80,4
7/8/21 14:15,38.922606,1.4611726,27.81,1020,20,,6.69,5,N/A,3,4,5,7/8/2021,Afternoon,07,819,  4.33 ,  3.69 ,  3.69 ,  3.69 ,559,43,119,  66.9 ,3136,2134,288,80,5
7/8/21 18:02,38.9226062,1.4611706,27.81,1020,75,,4.12,5,N/A,3,4,5,7/8/2021,Afternoon,07,819,  4.33 ,  3.69 ,  3.69 ,  3.69 ,559,43,119,  66.9 ,3136,2134,288,80,5
7/8/21 21:46,38.9850286,1.5427252,25.01,1021,20,,3.09,5,N/A,3,4,5,7/8/2021,Night,07,849,  4.33 ,  3.69 ,  3.69 ,  3.69 ,559,43,119,  66.9 ,3136,2134,288,80,4
7/8/21 23:59,38.9843467,1.5435489,24.01,1022,20,,3.6,5,N/A,3,4,5,7/8/2021,Night,07,849,  4.33 ,  3.69 ,  3.69 ,  3.69 ,559,43,119,  66.9 ,3136,2134,288,80,4
7/9/21 9:10,38.9226235,1.4611602,24.81,1022,20,,5.14,5,N/A,3,2,6,7/9/2021,Morning,07,819,  4.50 ,  3.94 ,  3.94 ,  3.94 ,367,44,108,  62.3 ,1598,1130,92,39,4
7/9/21 10:54,38.9227932,1.4610362,25.81,1022,0,,6.17,5,N/A,2,3,6,7/9/2021,Morning,07,819,  4.50 ,  3.94 ,  3.94 ,  3.94 ,367,44,108,  62.3 ,1598,1130,92,39,4
7/9/21 12:44,38.9226094,1.4611675,26.81,1022,0,,5.66,5,4,3,4,6,7/9/2021,Afternoon,07,819,  4.50 ,  3.94 ,  3.94 ,  3.94 ,367,44,108,  62.3 ,1598,1130,92,39,5
7/9/21 14:40,38.9226125,1.4611671,27.51,1021,0,,4.12,4,3,3,4,6,7/9/2021,Afternoon,07,819,,,,,,,,,,,,,4
7/9/21 18:14,38.9226085,1.4611787,27.29,1020,0,,4.12,5,3,3,2,6,7/9/2021,Afternoon,07,819,,,,,,,,,,,,,4
7/9/21 22:07,38.9226082,1.4611645,24.86,1019,0,,4.12,5,3,3,3,6,7/9/2021,Night,07,819,,,,,,,,,,,,,5
7/10/21 0:11,38.92263,1.4611509,23.83,1019,0,,3.09,5,3,3,4,7,7/10/2021,Night,07,819,,,,,,,,,,,,,5
7/10/21 12:46,38.9227252,1.4610235,26.78,1018,20,,3.09,2,N/A,3,4,7,7/10/2021,Afternoon,07,819,,,,,,,,,,,,,2
7/10/21 19:18,38.9793918,1.5307264,26.97,1015,0,,3.09,1,N/A,3,3,7,7/10/2021,Night,07,819,,,,,,,,,,,,,2
7/10/21 22:07,38.9812843,1.5315413,25.4,1016,0,,2.06,1,N/A,3,4,7,7/10/2021,Night,07,840,,,,,,,,,,,,,3
7/11/21 0:01,38.9082845,1.4070882,23.92,1016,0,,1.54,1,N/A,3,4,1,7/11/2021,Night,07,840,,,,,,,,,,,,,3
7/11/21 5:19,38.9227227,1.4610178,22.07,1015,0,,2.06,1,N/A,3,3,1,7/11/2021,Night,07,817,,,,,,,,,,,,,2
7/11/21 19:20,38.9226335,1.4611464,27.36,1012,0,,3.6,2,N/A,3,2,1,7/11/2021,Night,07,819,,,,,,,,,,,,,2
7/11/21 21:07,38.9226042,1.4611684,26.04,1012,0,,3.6,4,N/A,3,1,1,7/11/2021,Night,07,819,,,,,,,,,,,,,3
7/11/21 23:25,38.92263,1.4611509,25.01,1012,20,,3.09,3,N/A,3,2,1,7/11/2021,Night,07,819,,,,,,,,,,,,,3
7/12/21 9:25,38.9226156,1.4611666,25.89,1010,75,,6.69,2,N/A,3,2,2,7/12/2021,Morning,07,819,,,,,,,,,,,,,3
7/12/21 11:20,38.9226082,1.4611668,26.81,1010,75,,6.17,3,N/A,3,2,2,7/12/2021,Morning,07,819,,,,,,,,,,,,,3
7/12/21 13:55,38.9226161,1.4611685,28.54,1009,75,,6.17,2,N/A,3,3,2,7/12/2021,Afternoon,07,819,,,,,,,,,,,,,3
7/12/21 15:57,38.9226026,1.4611656,26.81,1008,75,,5.66,2,N/A,3,2,2,7/12/2021,Afternoon,07,819,,,,,,,,,,,,,2
7/12/21 17:49,38.9226068,1.4611765,27.81,1008,20,,4.63,2,N/A,3,2,2,7/12/2021,Afternoon,07,819,,,,,,,,,,,,,3
7/12/21 19:38,38.9226192,1.4611656,27.81,1007,0,,2.57,2,3,3,3,2,7/12/2021,Night,07,819,,,,,,,,,,,,,3
7/13/21 1:48,38.9226195,1.4611555,25.01,1012,0,,9.77,2,3,3,3,3,7/13/2021,Night,07,819,,,,,,,,,,,,,2
7/13/21 8:48,38.9226179,1.4611637,23.69,1016,20,,3.6,2,3,3,3,3,7/13/2021,Morning,07,819,,,,,,,,,,,,,2
7/13/21 10:37,38.9226105,1.4611687,24.42,1017,20,,5.14,1,3,3,2,3,7/13/2021,Morning,07,819,,,,,,,,,,,,,3
7/13/21 13:29,38.9226084,1.4611698,25.31,1017,0,,4.12,4,3,3,2,3,7/13/2021,Afternoon,07,819,,,,,,,,,,,,,4
7/13/21 15:16,38.9226107,1.4611757,26.33,1016,0,,1.34,3,3,3,3,3,7/13/2021,Afternoon,07,819,,,,,,,,,,,,,3
7/13/21 17:15,38.9226118,1.4611704,25.92,1016,0,,2.68,3,3,3,2,3,7/13/2021,Afternoon,07,819,,,,,,,,,,,,,3
7/13/21 19:09,38.9227263,1.4610222,24.46,1016,0,,2.68,3,3,3,3,3,7/13/2021,Night,07,819,,,,,,,,,,,,,3
7/13/21 21:18,38.9227913,1.4612511,23.84,1016,0,,2.24,4,3,3,3,3,7/13/2021,Night,07,819,,,,,,,,,,,,,4
7/14/21 0:27,38.922741,1.4610275,22.33,1017,0,,0.89,3,3,3,4,4,7/14/2021,Night,07,819,,,,,,,,,,,,,4
7/14/21 9:16,38.922607,1.4611769,23.81,1018,40,,4.02,3,3,3,3,4,7/14/2021,Morning,07,819,,,,,,,,,,,,,4
7/14/21 13:02,38.922608,1.4611728,25.14,1018,40,,2.68,3,3,3,4,4,7/14/2021,Afternoon,07,819,,,,,,,,,,,,,3
7/15/21 2:32,38.9226387,1.4611465,20.3,1018,0,,1.54,4,3,4,2,5,7/15/2021,Night,07,819,,,,,,,,,,,,,4
7/15/21 9:24,38.922611,1.46117,22.47,1018,20,,0,4,3,4,3,5,7/15/2021,Morning,07,819,,,,,,,,,,,,,3
7/15/21 11:06,38.9226169,1.4611655,23.43,1018,20,,1.79,4,3,4,2,5,7/15/2021,Morning,07,819,,,,,,,,,,,,,3
7/15/21 12:52,38.9226102,1.4611706,25.03,1018,0,,4.02,4,3,4,1,5,7/15/2021,Afternoon,07,819,,,,,,,,,,,,,3
7/15/21 15:19,38.9226074,1.4611743,25.71,1018,20,,2.24,4,3,4,2,5,7/15/2021,Afternoon,07,819,,,,,,,,,,,,,4
7/15/21 17:18,38.9226092,1.4611696,25.65,1017,20,,3.13,3,3,4,2,5,7/15/2021,Afternoon,07,819,,,,,,,,,,,,,3
7/15/21 19:11,38.922656,1.4611271,25.33,1017,20,,1.34,4,3,4,2,5,7/15/2021,Night,07,819,,,,,,,,,,,,,4
7/15/21 21:50,38.9312962,1.4500344,23.99,1017,20,,1.34,5,3,4,2,5,7/15/2021,Night,07,819,,,,,,,,,,,,,5
7/16/21 1:37,38.9313924,1.4511137,22.85,1018,40,,1.79,5,3,4,3,6,7/16/2021,Night,07,800,,,,,,,,,,,,,5
7/16/21 9:00,38.9226189,1.4611613,23.84,1018,75,,0,5,3,3,3,6,7/16/2021,Morning,07,819,,,,,,,,,,,,,5
7/16/21 10:46,38.9226038,1.4611603,25.22,1019,40,,2.68,5,3,3,2,6,7/16/2021,Morning,07,819,,,,,,,,,,,,,4
7/16/21 16:07,38.9226173,1.4611616,27.06,1017,20,,2.68,5,3,3,2,6,7/16/2021,Afternoon,07,819,,,,,,,,,,,,,4
7/16/21 18:02,38.9227411,1.4610269,27,1016,0,,3.13,5,3,3,2,6,7/16/2021,Afternoon,07,819,,,,,,,,,,,,,4
7/16/21 20:27,39.1123657,1.5180652,25.89,1017,1,,4.02,5,3,3,2,6,7/16/2021,Night,07,819,,,,,,,,,,,,,4
7/16/21 22:13,38.9226047,1.461168,24.24,1017,0,,3.13,4,3,3,3,6,7/16/2021,Night,07,810,,,,,,,,,,,,,3
7/16/21 23:59,38.9226075,1.4611743,23.87,1017,0,,0.45,4,3,3,3,6,7/16/2021,Night,07,819,,,,,,,,,,,,,3
7/17/21 9:02,38.9227907,1.4610303,24.87,1017,20,,1.34,4,3,3,3,7,7/17/2021,Morning,07,819,,,,,,,,,,,,,3
7/17/21 11:37,38.9226079,1.4611714,25.95,1017,20,,2.24,4,N/A,3,2,7,7/17/2021,Morning,07,819,,,,,,,,,,,,,3
7/17/21 15:11,38.9315715,1.4488971,27.13,1017,20,,2.68,5,N/A,3,3,7,7/17/2021,Afternoon,07,819,,,,,,,,,,,,,3
7/17/21 16:59,38.9230642,1.4613328,27.09,1016,0,,3.13,5,N/A,3,3,7,7/17/2021,Afternoon,07,819,,,,,,,,,,,,,2
7/17/21 20:25,38.9364459,1.4165129,25.81,1015,0,,2.68,5,N/A,3,2,7,7/17/2021,Night,07,819,,,,,,,,,,,,,4
7/17/21 23:20,38.9364464,1.4165137,24.32,1015,0,,0.89,4,N/A,3,3,7,7/17/2021,Night,07,800,,,,,,,,,,,,,4
7/18/21 10:46,38.9364488,1.4165057,25.77,1014,0,,1.34,5,N/A,3,2,1,7/18/2021,Morning,07,800,,,,,,,,,,,,,4
7/18/21 12:27,38.9510981,1.521227,27.06,1014,0,,2.68,5,N/A,3,3,1,7/18/2021,Afternoon,07,800,,,,,,,,,,,,,5
7/18/21 15:42,38.9226038,1.4611682,27.6,1013,20,,2.68,5,N/A,3,4,1,7/18/2021,Afternoon,07,849,,,,,,,,,,,,,4
7/18/21 17:31,38.922608,1.4611689,27.22,1012,0,,3.13,5,N/A,3,4,1,7/18/2021,Afternoon,07,819,,,,,,,,,,,,,4
7/18/21 21:19,39.0998924,1.5025624,25.92,1013,0,,3.13,5,N/A,3,4,1,7/18/2021,Night,07,819,,,,,,,,,,,,,5
7/18/21 23:23,38.9226359,1.461142,24.6,1013,0,,1.34,5,N/A,3,5,1,7/18/2021,Night,07,810,,,,,,,,,,,,,5
7/19/21 8:46,38.9226047,1.4611696,24.71,1013,0,,0.89,5,N/A,3,2,2,7/19/2021,Morning,07,819,,,,,,,,,,,,,4
7/19/21 12:02,38.922608,1.4611752,26.68,1013,0,,2.68,5,3,2,3,2,7/19/2021,Afternoon,07,819,,,,,,,,,,,,,4
7/19/21 16:00,38.9710785,1.284123,27.96,1013,0,,2.24,3,3,2,3,2,7/19/2021,Afternoon,07,819,,,,,,,,,,,,,4
7/19/21 17:51,38.970927,1.2839261,28.44,1012,0,,2.24,3,3,2,2,2,7/19/2021,Afternoon,07,830,,,,,,,,,,,,,2
7/19/21 19:41,38.9373123,1.4158125,27.71,1011,0,,1.79,3,3,2,3,2,7/19/2021,Night,07,830,,,,,,,,,,,,,4
7/19/21 23:47,38.9226003,1.4611581,25.28,1013,0,,0.89,3,3,3,3,2,7/19/2021,Night,07,800,,,,,,,,,,,,,2
7/20/21 1:44,38.9226027,1.4611572,24.95,1013,0,,0.45,3,3,3,2,3,7/20/2021,Night,07,819,,,,,,,,,,,,,4
7/20/21 9:17,38.9168357,1.4424353,25.85,1014,20,,1.34,4,3,3,3,3,7/20/2021,Morning,07,819,,,,,,,,,,,,,4
7/20/21 11:31,38.9226038,1.4611682,27.03,1014,40,,2.24,3,3,2,3,3,7/20/2021,Morning,07,800,,,,,,,,,,,,,3
7/20/21 13:46,38.9226037,1.4611628,27.68,1015,20,,3.13,4,3,2,2,3,7/20/2021,Afternoon,07,819,,,,,,,,,,,,,4
7/20/21 15:33,38.9226065,1.4611706,28.33,1014,20,,2.68,4,3,2,3,3,7/20/2021,Afternoon,07,819,,,,,,,,,,,,,4
7/20/21 17:15,38.9226147,1.4611676,27.67,1014,20,,4.02,4,3,2,2,3,7/20/2021,Afternoon,07,819,,,,,,,,,,,,,3
7/20/21 19:06,38.922602,1.4611563,26.81,1014,20,,3.13,3,3,2,3,3,7/20/2021,Night,07,819,,,,,,,,,,,,,2
7/20/21 21:40,38.9226184,1.4611635,25.51,1014,0,,1.34,3,3,2,4,3,7/20/2021,Night,07,819,,,,,,,,,,,,,3
7/21/21 7:35,38.9227118,1.4610443,22.9,1016,0,,0,2,3,2,4,4,7/21/2021,Morning,07,819,,,,,,,,,,,,,2
7/21/21 9:20,38.9226163,1.4611646,25.94,1017,0,,1.34,3,3,2,2,4,7/21/2021,Morning,07,819,,,,,,,,,,,,,3
7/21/21 14:20,38.9226097,1.4611668,28.14,1017,0,,1.79,2,3,2,2,4,7/21/2021,Afternoon,07,819,,,,,,,,,,,,,2
7/21/21 17:33,38.9226038,1.461163,28.84,1017,0,,2.68,4,3,2,3,4,7/21/2021,Afternoon,07,819,,,,,,,,,,,,,4
7/21/21 19:22,38.9226132,1.4611698,27.67,1016,0,,1.34,4,3,2,4,4,7/21/2021,Night,07,819,,,,,,,,,,,,,3
7/22/21 14:10,38.9226473,1.4609819,28.65,1017,0,,2.68,4,3,4,2,5,7/22/2021,Afternoon,07,819,,,,,,,,,,,,,4
7/22/21 16:07,38.9226031,1.4611583,29.24,1016,0,,2.24,5,3,4,2,5,7/22/2021,Afternoon,07,819,,,,,,,,,,,,,4
7/23/21 16:24,40.4789449,-3.8588796,31.92,1010,0,,1.79,5,3,4,2,6,7/23/2021,Afternoon,07,819,,,,,,,,,,,,,4
7/23/21 18:15,40.4789492,-3.8588361,32.01,1009,0,,1.34,5,3,4,2,6,7/23/2021,Afternoon,28,221,,,,,,,,,,,,,4
7/23/21 20:09,40.4885934,-3.6998652,31.2,1012,0,,0.89,4,3,4,2,6,7/23/2021,Night,28,221,,,,,,,,,,,,,4
7/23/21 22:33,40.4920017,-3.6965894,26.89,1013,0,,1.79,4,3,4,2,6,7/23/2021,Night,28,034,,,,,,,,,,,,,4
7/24/21 0:23,40.4920131,-3.6965655,24.04,1013,0,,1.34,5,3,4,3,7,7/24/2021,Night,28,034,,,,,,,,,,,,,4
7/24/21 2:36,40.4219442,-3.7186806,22.39,1012,0,,2.24,4,3,4,2,7,7/24/2021,Night,28,034,,,,,,,,,,,,,4
7/24/21 11:29,40.4919754,-3.6965525,23.54,1014,0,,2.68,4,N/A,4,3,7,7/24/2021,Morning,28,008,,,,,,,,,,,,,4
7/24/21 13:21,40.4919994,-3.6965843,26.41,1014,0,,1.34,5,N/A,4,2,7,7/24/2021,Afternoon,28,034,,,,,,,,,,,,,4
7/24/21 17:00,40.4919971,-3.6966013,30.4,999,0,,0.45,4,N/A,4,3,7,7/24/2021,Afternoon,28,034,,,,,,,,,,,,,4
7/24/21 19:45,40.4664347,-3.7915834,30.28,1011,0,,1.34,4,N/A,4,3,7,7/24/2021,Night,28,034,,,,,,,,,,,,,4
7/24/21 21:41,40.4709684,-3.7910482,27.83,1011,0,,0.89,4,N/A,4,3,7,7/24/2021,Night,28,023,,,,,,,,,,,,,4
7/25/21 1:13,40.4709598,-3.7911071,23.04,1013,0,,1.34,4,N/A,4,4,1,7/25/2021,Night,28,023,,,,,,,,,,,,,4
7/25/21 3:31,40.4709507,-3.7910255,21.52,1012,0,,0.89,3,N/A,4,4,1,7/25/2021,Night,28,023,,,,,,,,,,,,,3
7/25/21 12:25,40.4919918,-3.6966004,25.29,1014,0,,1.79,4,N/A,4,2,1,7/25/2021,Afternoon,28,023,,,,,,,,,,,,,4
7/25/21 14:07,40.4920184,-3.6965946,26.87,1014,0,,1.34,3,N/A,4,2,1,7/25/2021,Afternoon,28,034,,,,,,,,,,,,,3
7/25/21 15:57,40.4920177,-3.6966209,29.27,999,0,,0.89,5,N/A,4,2,1,7/25/2021,Afternoon,28,034,,,,,,,,,,,,,4
7/25/21 22:11,40.4919962,-3.6965978,25.63,1012,0,,0.45,5,N/A,4,2,1,7/25/2021,Night,28,034,,,,,,,,,,,,,4
7/26/21 0:47,40.4920048,-3.6965814,19.68,1015,40,,6.69,4,N/A,4,3,2,7/26/2021,Night,28,034,,,,,,,,,,,,,4
7/26/21 8:40,40.4920004,-3.6965863,17.79,1016,0,,0.45,5,N/A,4,3,2,7/26/2021,Morning,28,034,,,,,,,,,,,,,4
7/26/21 10:30,40.4920095,-3.6965987,20.42,1016,0,,0.89,5,N/A,4,2,2,7/26/2021,Morning,28,034,,,,,,,,,,,,,5
7/26/21 12:24,40.492015,-3.696636,23.48,1016,20,,1.34,5,4,4,4,2,7/26/2021,Afternoon,28,034,,,,,,,,,,,,,5
7/26/21 14:09,40.4920143,-3.696618,25.65,1016,20,,1.79,5,4,4,4,2,7/26/2021,Afternoon,28,034,,,,,,,,,,,,,5
7/26/21 16:29,40.492006,-3.6966041,28.02,1016,40,,3.13,5,4,4,5,2,7/26/2021,Afternoon,28,034,,,,,,,,,,,,,4
7/26/21 18:36,40.4919958,-3.6965871,28.69,1000,40,,1.79,4,4,4,2,2,7/26/2021,Afternoon,28,034,,,,,,,,,,,,,2